face,mask,,face_pred,mask_pred,,face_acc,mask_acc
1.68E-05,1,,0,1,,0.99534384,0.997492837
2.59E-08,1,,0,1,,,
3.92E-06,1,,0,1,,,
0.006271165,0.99997616,,0,1,,,
2.00E-06,1,,0,1,,,
2.60E-05,1,,0,1,,,
9.33E-05,1,,0,1,,,
6.98E-09,1,,0,1,,,
0.000224488,1,,0,1,,,
6.29E-05,1,,0,1,,,
4.23E-07,1,,0,1,,,
2.18E-05,1,,0,1,,,
3.93E-08,1,,0,1,,,
1.78E-05,1,,0,1,,,
2.75E-05,1,,0,1,,,
0.000404882,0.9999999,,0,1,,,
5.40E-07,0.99578285,,0,1,,,
3.84E-06,0.99999905,,0,1,,,
0.00018572,1,,0,1,,,
0.000419102,0.9999901,,0,1,,,
0.017782688,0.99962556,,0,1,,,
2.49E-05,0.99998164,,0,1,,,
1.34E-05,1,,0,1,,,
3.48E-05,1,,0,1,,,
3.95E-05,1,,0,1,,,
0.005009656,1,,0,1,,,
0.000393775,0.99954444,,0,1,,,
9.86E-05,1,,0,1,,,
0.003314752,1,,0,1,,,
2.86E-05,0.9999999,,0,1,,,
0.09655192,0.9999944,,0,1,,,
0.000518077,0.9999989,,0,1,,,
0.000534032,1,,0,1,,,
2.06E-06,1,,0,1,,,
6.46E-09,1,,0,1,,,
5.64E-05,1,,0,1,,,
1.70E-05,1,,0,1,,,
1.45E-08,0.9999348,,0,1,,,
1.04E-07,1,,0,1,,,
5.20E-05,1,,0,1,,,
1.12E-06,1,,0,1,,,
4.61E-06,1,,0,1,,,
0.000104899,1,,0,1,,,
0.000106322,0.9999858,,0,1,,,
2.43E-05,1,,0,1,,,
1.82E-06,0.99999964,,0,1,,,
0.000169148,1,,0,1,,,
0.004045539,1,,0,1,,,
5.93E-06,1,,0,1,,,
6.60E-07,0.9999987,,0,1,,,
0.000304757,1,,0,1,,,
2.98E-05,1,,0,1,,,
1.44E-06,0.9999759,,0,1,,,
1,0.9999962,,1,1,,,
4.56E-05,1,,0,1,,,
0.000106281,1,,0,1,,,
2.10E-06,1,,0,1,,,
1.99E-06,1,,0,1,,,
0.000118441,0.9999914,,0,1,,,
2.29E-05,1,,0,1,,,
0.000336772,0.99954754,,0,1,,,
0.001561997,1,,0,1,,,
0.000707751,0.9999864,,0,1,,,
3.18E-05,1,,0,1,,,
0.009061137,0.9999995,,0,1,,,
0.000761958,1,,0,1,,,
0.004515799,0.9999999,,0,1,,,
0.000120147,1,,0,1,,,
0.000351311,1,,0,1,,,
1.28E-05,0.99999857,,0,1,,,
4.31E-05,1,,0,1,,,
6.42E-06,1,,0,1,,,
0.000214578,1,,0,1,,,
6.29E-05,1,,0,1,,,
1.41E-05,1,,0,1,,,
2.10E-05,1,,0,1,,,
0.002098455,1,,0,1,,,
0.018280061,1,,0,1,,,
0.007770651,1,,0,1,,,
0.00014055,1,,0,1,,,
4.40E-05,1,,0,1,,,
0.001729775,1,,0,1,,,
8.31E-05,0.9999926,,0,1,,,
1.96E-05,1,,0,1,,,
4.92E-06,1,,0,1,,,
1.66E-05,1,,0,1,,,
3.86E-05,1,,0,1,,,
2.29E-05,1,,0,1,,,
0.000810414,1,,0,1,,,
0.004653871,1,,0,1,,,
0.004451948,1,,0,1,,,
5.36E-08,0.9961898,,0,1,,,
2.82E-05,0.9969272,,0,1,,,
1.68E-05,0.99995327,,0,1,,,
1.17E-05,0.99998736,,0,1,,,
8.75E-06,0.99970764,,0,1,,,
3.26E-06,1,,0,1,,,
0.005398603,0.9999912,,0,1,,,
9.85E-06,1,,0,1,,,
3.04E-05,0.9999995,,0,1,,,
4.00E-07,1,,0,1,,,
9.55E-06,1,,0,1,,,
4.38E-05,1,,0,1,,,
6.41E-07,1,,0,1,,,
3.71E-09,1,,0,1,,,
3.11E-06,1,,0,1,,,
0.009875192,1,,0,1,,,
5.08E-05,1,,0,1,,,
7.21E-05,1,,0,1,,,
1.19E-06,1,,0,1,,,
2.03E-06,1,,0,1,,,
0.000222713,1,,0,1,,,
0.000810513,0.999997,,0,1,,,
0.004481125,1,,0,1,,,
0.000735561,1,,0,1,,,
0.000335937,1,,0,1,,,
0.004402654,1,,0,1,,,
0.000106085,1,,0,1,,,
7.77E-05,1,,0,1,,,
0.000881353,1,,0,1,,,
5.55E-05,0.99999857,,0,1,,,
1.27E-07,0.9999999,,0,1,,,
2.38E-06,1,,0,1,,,
1.44E-05,1,,0,1,,,
2.70E-06,1,,0,1,,,
9.66E-07,1,,0,1,,,
1.58E-05,1,,0,1,,,
0.000603493,1,,0,1,,,
2.05E-06,1,,0,1,,,
0.0013878,0.99998415,,0,1,,,
0.001722112,1,,0,1,,,
0.001484144,1,,0,1,,,
0.000131472,0.999998,,0,1,,,
8.73E-05,1,,0,1,,,
0.003088996,1,,0,1,,,
8.75E-06,0.9999999,,0,1,,,
6.03E-05,0.9999999,,0,1,,,
0.001254574,1,,0,1,,,
8.32E-07,1,,0,1,,,
1.60E-07,1,,0,1,,,
0.00056499,1,,0,1,,,
0.015708942,1,,0,1,,,
0.000140374,0.9999999,,0,1,,,
0.000168791,1,,0,1,,,
0.000624336,0.9999999,,0,1,,,
1.07E-05,0.99999845,,0,1,,,
0.001139113,1,,0,1,,,
6.46E-05,0.9999819,,0,1,,,
5.81E-05,1,,0,1,,,
0.000458394,1,,0,1,,,
0.000333194,0.99997747,,0,1,,,
0.000333194,1,,0,1,,,
1.80E-05,1,,0,1,,,
9.21E-05,1,,0,1,,,
2.24E-06,0.9999901,,0,1,,,
0.002239598,1,,0,1,,,
4.40E-07,0.9991086,,0,1,,,
7.58E-06,1,,0,1,,,
3.10E-05,1,,0,1,,,
0.000198279,1,,0,1,,,
0.000197121,0.9999989,,0,1,,,
0.000144794,1,,0,1,,,
3.63E-08,0.9999999,,0,1,,,
0.003730967,1,,0,1,,,
2.02E-05,1,,0,1,,,
1.19E-06,1,,0,1,,,
9.12E-06,1,,0,1,,,
2.68E-06,1,,0,1,,,
2.45E-06,0.9999999,,0,1,,,
8.21E-06,1,,0,1,,,
3.91E-06,1,,0,1,,,
2.75E-05,1,,0,1,,,
5.72E-07,1,,0,1,,,
0.000148492,0.99999976,,0,1,,,
4.77E-06,1,,0,1,,,
9.94E-06,1,,0,1,,,
0.000748398,0.9999989,,0,1,,,
3.08E-07,1,,0,1,,,
0.000585325,1,,0,1,,,
8.43E-07,1,,0,1,,,
0.000748097,1,,0,1,,,
3.10E-05,1,,0,1,,,
2.60E-05,1,,0,1,,,
0.000561326,1,,0,1,,,
2.27E-06,1,,0,1,,,
3.16E-06,1,,0,1,,,
8.10E-06,1,,0,1,,,
2.83E-07,1,,0,1,,,
0.003157488,1,,0,1,,,
1.90E-05,0.9999999,,0,1,,,
0.002507123,0.99999964,,0,1,,,
0.000517219,1,,0,1,,,
0.010829492,1,,0,1,,,
0.002423154,0.99992895,,0,1,,,
3.04E-05,1,,0,1,,,
0.004114378,1,,0,1,,,
0.000113606,1,,0,1,,,
0.000348394,0.99999285,,0,1,,,
5.83E-06,0.99999905,,0,1,,,
0.020965753,1,,0,1,,,
0.04176863,1,,0,1,,,
2.48E-06,0.9999876,,0,1,,,
5.34E-07,1,,0,1,,,
0.002547401,0.9999857,,0,1,,,
0.013848257,1,,0,1,,,
0.00058327,1,,0,1,,,
1.11E-06,1,,0,1,,,
4.84E-05,0.99999857,,0,1,,,
4.84E-05,1,,0,1,,,
2.31E-05,1,,0,1,,,
7.09E-05,1,,0,1,,,
0.000171426,1,,0,1,,,
0.002140675,1,,0,1,,,
3.03E-06,1,,0,1,,,
5.78E-06,1,,0,1,,,
0.000119427,1,,0,1,,,
1.12E-06,1,,0,1,,,
0.003180764,0.9999988,,0,1,,,
7.11E-05,0.99999976,,0,1,,,
0.000229519,0.99999225,,0,1,,,
6.84E-07,1,,0,1,,,
3.68E-05,1,,0,1,,,
0.000145096,1,,0,1,,,
3.78E-05,1,,0,1,,,
6.33E-06,1,,0,1,,,
0.000142813,1,,0,1,,,
5.80E-05,1,,0,1,,,
0.000679041,1,,0,1,,,
1.98E-07,1,,0,1,,,
0.005109985,0.9999999,,0,1,,,
4.41E-05,1,,0,1,,,
1.57E-07,1,,0,1,,,
1.49E-06,1,,0,1,,,
0.000174106,0.99999964,,0,1,,,
0.000405773,0.99999976,,0,1,,,
1.52E-07,1,,0,1,,,
7.86E-10,1,,0,1,,,
2.81E-07,1,,0,1,,,
0.007828668,1,,0,1,,,
0.000331641,1,,0,1,,,
1.99E-06,1,,0,1,,,
1.72E-06,1,,0,1,,,
0.000204356,1,,0,1,,,
9.56E-09,1,,0,1,,,
1.46E-05,1,,0,1,,,
1.46E-05,1,,0,1,,,
1.52E-07,1,,0,1,,,
6.11E-06,1,,0,1,,,
1.60E-05,1,,0,1,,,
0.000151229,1,,0,1,,,
8.84E-05,1,,0,1,,,
0.001020201,1,,0,1,,,
0.001628223,1,,0,1,,,
1.23E-07,1,,0,1,,,
1.05E-05,0.9999999,,0,1,,,
2.27E-06,1,,0,1,,,
2.08E-05,1,,0,1,,,
0.001646124,1,,0,1,,,
0.001101708,1,,0,1,,,
2.32E-08,1,,0,1,,,
3.72E-06,1,,0,1,,,
0.27399442,0.99983835,,0,1,,,
7.27E-08,1,,0,1,,,
8.89E-05,1,,0,1,,,
0.000196752,1,,0,1,,,
3.96E-05,1,,0,1,,,
4.69E-06,1,,0,1,,,
1.12E-06,1,,0,1,,,
2.59E-06,1,,0,1,,,
2.21E-05,1,,0,1,,,
0.003449176,1,,0,1,,,
0.000820489,1,,0,1,,,
3.57E-05,1,,0,1,,,
7.91E-05,1,,0,1,,,
1.77E-07,1,,0,1,,,
8.65E-06,0.9999989,,0,1,,,
0.000253586,1,,0,1,,,
0.000618369,1,,0,1,,,
2.35E-06,1,,0,1,,,
0.000133773,1,,0,1,,,
3.55E-05,0.99999285,,0,1,,,
0.010621679,0.99999976,,0,1,,,
9.15E-05,1,,0,1,,,
7.59E-09,1,,0,1,,,
2.60E-05,1,,0,1,,,
0.002246249,1,,0,1,,,
0.000525111,1,,0,1,,,
4.97E-05,1,,0,1,,,
0.000626242,1,,0,1,,,
0.000176997,1,,0,1,,,
0.000971535,1,,0,1,,,
0.001195391,1,,0,1,,,
0.000215027,1,,0,1,,,
0.000870225,1,,0,1,,,
7.13E-06,1,,0,1,,,
0.006336024,1,,0,1,,,
3.75E-08,1,,0,1,,,
6.27E-07,1,,0,1,,,
5.63E-05,1,,0,1,,,
4.74E-10,1,,0,1,,,
2.66E-09,1,,0,1,,,
4.31E-06,1,,0,1,,,
3.52E-05,0.9999827,,0,1,,,
0.013699963,1,,0,1,,,
0.003655127,1,,0,1,,,
1.34E-06,1,,0,1,,,
1.76E-07,1,,0,1,,,
0.000946132,1,,0,1,,,
0.004516672,0.9999944,,0,1,,,
7.80E-05,1,,0,1,,,
0.000662863,1,,0,1,,,
0.008478639,0.99999475,,0,1,,,
0.000589163,1,,0,1,,,
0.000716075,1,,0,1,,,
0.021191323,1,,0,1,,,
0.000257964,1,,0,1,,,
0.002366066,0.9999988,,0,1,,,
1.52E-05,0.9999994,,0,1,,,
0.000103604,1,,0,1,,,
0.000887297,1,,0,1,,,
3.12E-08,1,,0,1,,,
0.001067271,0.9999981,,0,1,,,
2.82E-05,0.9999999,,0,1,,,
5.08E-08,1,,0,1,,,
4.13E-05,1,,0,1,,,
8.21E-05,1,,0,1,,,
0.000591748,1,,0,1,,,
0.000355519,0.9999939,,0,1,,,
0.000800264,0.9999958,,0,1,,,
1.10E-05,1,,0,1,,,
3.57E-06,0.9999857,,0,1,,,
0.000796332,1,,0,1,,,
1.14E-05,1,,0,1,,,
1.80E-06,0.9999999,,0,1,,,
0.000322724,1,,0,1,,,
0.000495644,1,,0,1,,,
7.68E-07,1,,0,1,,,
1.44E-05,0.99995804,,0,1,,,
1.87E-07,1,,0,1,,,
0.013485481,1,,0,1,,,
0.000213192,0.99999976,,0,1,,,
4.90E-05,1,,0,1,,,
4.55E-06,1,,0,1,,,
1.74E-06,1,,0,1,,,
1.93E-07,1,,0,1,,,
0.000407633,1,,0,1,,,
0.00041241,1,,0,1,,,
5.58E-06,1,,0,1,,,
8.66E-07,1,,0,1,,,
0.001520935,0.99999726,,0,1,,,
0.000576588,0.9999887,,0,1,,,
4.87E-06,1,,0,1,,,
4.51E-05,1,,0,1,,,
0.000631577,1,,0,1,,,
3.28E-07,1,,0,1,,,
0.000232264,1,,0,1,,,
0.000112035,1,,0,1,,,
0.10539097,1,,0,1,,,
0.001737272,1,,0,1,,,
0.000791196,1,,0,1,,,
0.000722828,1,,0,1,,,
0.000200008,1,,0,1,,,
7.98E-07,1,,0,1,,,
1.38E-06,1,,0,1,,,
0.000201613,1,,0,1,,,
0.002679932,0.9999999,,0,1,,,
0.00215417,1,,0,1,,,
0.000373781,1,,0,1,,,
0.00086799,1,,0,1,,,
0.000875106,1,,0,1,,,
0.000553452,1,,0,1,,,
3.47E-07,0.9999999,,0,1,,,
2.28E-05,1,,0,1,,,
5.98E-06,0.99999964,,0,1,,,
0.0001478,0.9999876,,0,1,,,
0.000130177,1,,0,1,,,
0.01221412,1,,0,1,,,
2.98E-05,1,,0,1,,,
2.26E-07,1,,0,1,,,
0.013099997,0.99904734,,0,1,,,
0.003741599,1,,0,1,,,
0.002747627,1,,0,1,,,
0.000350176,1,,0,1,,,
1.24E-07,1,,0,1,,,
1.62E-08,1,,0,1,,,
8.27E-05,1,,0,1,,,
0.000195546,1,,0,1,,,
3.87E-05,1,,0,1,,,
0.000793279,1,,0,1,,,
7.28E-06,1,,0,1,,,
2.38E-06,1,,0,1,,,
0.003741144,1,,0,1,,,
0.001229986,1,,0,1,,,
1.68E-06,1,,0,1,,,
0.000126193,0.9990589,,0,1,,,
0.000407477,1,,0,1,,,
4.43E-07,0.9999689,,0,1,,,
0.001403835,1,,0,1,,,
0.00020656,1,,0,1,,,
9.58E-06,0.99999857,,0,1,,,
3.86E-05,0.9999862,,0,1,,,
0.000100713,1,,0,1,,,
0.010853525,0.9999999,,0,1,,,
5.86E-09,1,,0,1,,,
0.000144196,1,,0,1,,,
0.003300006,1,,0,1,,,
2.35E-06,1,,0,1,,,
0.000112178,1,,0,1,,,
0.000587425,1,,0,1,,,
6.75E-07,1,,0,1,,,
9.18E-06,0.99999225,,0,1,,,
2.95E-05,1,,0,1,,,
0.001266751,0.99999857,,0,1,,,
0.002824498,1,,0,1,,,
6.08E-05,0.99404776,,0,1,,,
0.000178605,1,,0,1,,,
0.000112177,0.9999733,,0,1,,,
0.000352269,1,,0,1,,,
4.74E-08,1,,0,1,,,
2.43E-05,1,,0,1,,,
0.000540563,1,,0,1,,,
7.65E-06,1,,0,1,,,
2.99E-05,1,,0,1,,,
2.38E-05,0.9999863,,0,1,,,
9.38E-08,1,,0,1,,,
2.72E-09,1,,0,1,,,
6.69E-06,1,,0,1,,,
5.78E-06,1,,0,1,,,
3.75E-05,0.9968162,,0,1,,,
0.00040835,0.9999999,,0,1,,,
7.21E-07,1,,0,1,,,
0.000398042,1,,0,1,,,
0.000330318,0.99999917,,0,1,,,
0.000166301,1,,0,1,,,
2.57E-05,0.9999999,,0,1,,,
0.005749581,1,,0,1,,,
0.001256309,1,,0,1,,,
0.000100285,1,,0,1,,,
2.30E-05,1,,0,1,,,
5.80E-06,1,,0,1,,,
0.001317804,0.9999999,,0,1,,,
9.33E-06,0.99924517,,0,1,,,
2.80E-05,1,,0,1,,,
1.80E-08,0.9999999,,0,1,,,
6.88E-05,0.999777,,0,1,,,
0.001782334,0.9999707,,0,1,,,
0.001010989,0.99403656,,0,1,,,
9.44E-05,1,,0,1,,,
0.014065083,0.99999917,,0,1,,,
5.15E-05,1,,0,1,,,
9.94E-05,1,,0,1,,,
6.10E-05,0.9999999,,0,1,,,
0.001685277,1,,0,1,,,
0.000728399,1,,0,1,,,
4.14E-05,1,,0,1,,,
0.000214605,1,,0,1,,,
0.000294184,1,,0,1,,,
3.52E-08,1,,0,1,,,
0.011505161,1,,0,1,,,
2.59E-06,1,,0,1,,,
0.000154281,1,,0,1,,,
9.28E-05,0.9999856,,0,1,,,
9.09E-06,1,,0,1,,,
6.92E-06,1,,0,1,,,
2.57E-06,0.9999894,,0,1,,,
0.000123859,0.9999999,,0,1,,,
1.46E-06,0.9999999,,0,1,,,
1.68E-07,0.9999944,,0,1,,,
0.038796637,1,,0,1,,,
0.001529521,1,,0,1,,,
1.19E-06,1,,0,1,,,
0.000230344,1,,0,1,,,
9.79E-05,0.99999964,,0,1,,,
1.52E-05,0.9999999,,0,1,,,
0.000173114,1,,0,1,,,
1.45E-06,1,,0,1,,,
0.002389483,0.9999976,,0,1,,,
8.93E-08,1,,0,1,,,
8.93E-08,1,,0,1,,,
3.84E-06,1,,0,1,,,
1.30E-08,1,,0,1,,,
6.96E-08,0.999426,,0,1,,,
1.42E-05,0.9998956,,0,1,,,
7.51E-05,1,,0,1,,,
1.80E-08,0.99999535,,0,1,,,
2.06E-05,0.9999968,,0,1,,,
6.46E-07,1,,0,1,,,
2.35E-05,1,,0,1,,,
0.004444087,1,,0,1,,,
9.18E-05,1,,0,1,,,
8.28E-05,1,,0,1,,,
0.001964769,0.9999999,,0,1,,,
4.07E-08,1,,0,1,,,
0.000662414,0.9998387,,0,1,,,
0.00065286,1,,0,1,,,
4.56E-05,1,,0,1,,,
9.23E-06,1,,0,1,,,
4.06E-06,1,,0,1,,,
4.06E-06,0.9999994,,0,1,,,
4.57E-05,1,,0,1,,,
0.006316058,1,,0,1,,,
0.00015494,0.9999738,,0,1,,,
0.6338561,1,,1,1,,,
9.75E-07,0.9999995,,0,1,,,
6.76E-07,1,,0,1,,,
3.11E-06,0.9999994,,0,1,,,
0.000116277,1,,0,1,,,
8.83E-06,1,,0,1,,,
0.000165862,0.99999976,,0,1,,,
1.50E-05,1,,0,1,,,
0.11540442,1,,0,1,,,
6.33E-09,0.9999969,,0,1,,,
0.00015494,1,,0,1,,,
2.72E-05,1,,0,1,,,
1.48E-10,0.99995875,,0,1,,,
0.004992425,1,,0,1,,,
8.92E-08,1,,0,1,,,
1.87E-06,1,,0,1,,,
3.30E-05,1,,0,1,,,
0.00246579,1,,0,1,,,
0.00035246,1,,0,1,,,
2.61E-07,1,,0,1,,,
1.44E-06,1,,0,1,,,
1.05E-05,1,,0,1,,,
0.000135508,0.99994946,,0,1,,,
0.000135508,0.99998856,,0,1,,,
0.000136299,1,,0,1,,,
1.29E-05,1,,0,1,,,
4.04E-10,1,,0,1,,,
0.00040036,1,,0,1,,,
0.00055131,0.9999999,,0,1,,,
0.002368771,0.9999567,,0,1,,,
0.000771682,1,,0,1,,,
1.02E-07,0.9998834,,0,1,,,
9.23E-05,1,,0,1,,,
0.000494806,1,,0,1,,,
0.000927283,1,,0,1,,,
4.76E-05,1,,0,1,,,
0.003156839,0.999928,,0,1,,,
2.43E-06,0.9999968,,0,1,,,
1.78E-06,1,,0,1,,,
0.000138936,1,,0,1,,,
3.16E-06,1,,0,1,,,
3.12E-05,0.999998,,0,1,,,
1.50E-05,1,,0,1,,,
0.000129913,1,,0,1,,,
9.99E-06,1,,0,1,,,
3.01E-07,1,,0,1,,,
1.99E-05,1,,0,1,,,
0.9796522,1,,1,1,,,
1.40E-06,1,,0,1,,,
6.00E-07,0.9999999,,0,1,,,
0.001317747,1,,0,1,,,
2.01E-06,1,,0,1,,,
5.65E-06,1,,0,1,,,
4.50E-05,1,,0,1,,,
0.000144682,1,,0,1,,,
8.24E-08,1,,0,1,,,
0.005179162,0.9999999,,0,1,,,
4.89E-05,1,,0,1,,,
6.55E-05,0.9999987,,0,1,,,
2.36E-06,1,,0,1,,,
7.30E-06,1,,0,1,,,
0.000650521,0.9999852,,0,1,,,
5.50E-05,1,,0,1,,,
8.37E-06,1,,0,1,,,
9.79E-06,0.9999999,,0,1,,,
6.57E-06,1,,0,1,,,
4.86E-06,1,,0,1,,,
1.61E-07,1,,0,1,,,
3.09E-05,1,,0,1,,,
1.60E-05,1,,0,1,,,
0.000398856,1,,0,1,,,
0.000136788,1,,0,1,,,
1.87E-05,0.9999993,,0,1,,,
4.40E-05,1,,0,1,,,
3.32E-06,0.9999999,,0,1,,,
9.43E-06,1,,0,1,,,
1.62E-06,1,,0,1,,,
0.000834621,1,,0,1,,,
0.000190673,0.99999607,,0,1,,,
1.39E-06,1,,0,1,,,
1.30E-05,1,,0,1,,,
0.000416844,0.999984,,0,1,,,
9.71E-09,1,,0,1,,,
1.18E-05,0.9999993,,0,1,,,
0.021921502,0.9999231,,0,1,,,
3.90E-05,1,,0,1,,,
5.45E-05,1,,0,1,,,
6.41E-06,1,,0,1,,,
0.000386924,1,,0,1,,,
4.57E-07,1,,0,1,,,
5.71E-09,1,,0,1,,,
3.53E-05,1,,0,1,,,
2.90E-05,1,,0,1,,,
7.11E-06,1,,0,1,,,
2.35E-06,0.9999975,,0,1,,,
7.95E-07,1,,0,1,,,
0.000114924,0.99998665,,0,1,,,
0.000513829,1,,0,1,,,
0.0001804,1,,0,1,,,
0.000625975,1,,0,1,,,
5.62E-05,0.9999999,,0,1,,,
6.74E-06,1,,0,1,,,
2.41E-05,0.99996877,,0,1,,,
6.96E-06,0.99761105,,0,1,,,
0.000243221,1,,0,1,,,
0.000134757,1,,0,1,,,
0.000162938,1,,0,1,,,
0.000158728,0.99999976,,0,1,,,
4.83E-08,1,,0,1,,,
0.001364254,1,,0,1,,,
0.000371622,1,,0,1,,,
9.36E-09,1,,0,1,,,
0.000961538,0.999998,,0,1,,,
0.001067683,1,,0,1,,,
0.003137838,1,,0,1,,,
5.01E-06,1,,0,1,,,
0.24625501,1,,0,1,,,
1.23E-05,0.99999654,,0,1,,,
1.94E-08,1,,0,1,,,
0.005995642,1,,0,1,,,
0.68786377,1,,1,1,,,
0.000119304,1,,0,1,,,
4.91E-05,1,,0,1,,,
0.00153552,1,,0,1,,,
0.031203525,0.9999994,,0,1,,,
2.77E-07,0.9999999,,0,1,,,
5.23E-05,1,,0,1,,,
0.006183181,1,,0,1,,,
2.05E-05,1,,0,1,,,
2.35E-05,1,,0,1,,,
0.000644981,0.99999976,,0,1,,,
1.99E-07,0.99999833,,0,1,,,
3.62E-07,1,,0,1,,,
8.76E-07,1,,0,1,,,
0.00028712,1,,0,1,,,
0.010250982,1,,0,1,,,
0.000331571,1,,0,1,,,
4.00E-05,0.99999976,,0,1,,,
0.004236841,1,,0,1,,,
0.001660492,1,,0,1,,,
0.002071485,1,,0,1,,,
4.39E-08,1,,0,1,,,
1.19E-05,1,,0,1,,,
6.31E-07,1,,0,1,,,
0.01088163,1,,0,1,,,
0.000937382,1,,0,1,,,
9.14E-05,1,,0,1,,,
0.018291624,0.9999945,,0,1,,,
4.46E-05,1,,0,1,,,
1.97E-05,1,,0,1,,,
3.40E-05,1,,0,1,,,
1.43E-05,1,,0,1,,,
7.77E-08,1,,0,1,,,
2.67E-05,1,,0,1,,,
0.000440693,0.9999944,,0,1,,,
0.000327745,1,,0,1,,,
0.001081567,1,,0,1,,,
0.000148518,1,,0,1,,,
7.30E-05,1,,0,1,,,
1.34E-05,1,,0,1,,,
2.54E-06,0.9999999,,0,1,,,
3.97E-05,1,,0,1,,,
2.15E-05,1,,0,1,,,
4.64E-10,1,,0,1,,,
0.000701813,1,,0,1,,,
0.00038457,1,,0,1,,,
2.64E-06,1,,0,1,,,
7.16E-07,1,,0,1,,,
7.16E-07,1,,0,1,,,
7.52E-05,1,,0,1,,,
0.000616599,1,,0,1,,,
3.93E-05,1,,0,1,,,
1.04E-08,0.9999999,,0,1,,,
0.000837696,1,,0,1,,,
6.26E-05,1,,0,1,,,
0.000193172,1,,0,1,,,
8.67E-07,1,,0,1,,,
0.001066855,1,,0,1,,,
0.000417626,1,,0,1,,,
0.000674481,1,,0,1,,,
1.99E-06,1,,0,1,,,
0.001690106,1,,0,1,,,
0.00033325,0.999691,,0,1,,,
0.000118661,0.99993074,,0,1,,,
5.22E-05,1,,0,1,,,
0.000216099,1,,0,1,,,
0.000906525,1,,0,1,,,
0.001212522,1,,0,1,,,
4.70E-05,1,,0,1,,,
0.000189021,1,,0,1,,,
0.000292897,0.99998796,,0,1,,,
1.58E-07,1,,0,1,,,
0.000394338,1,,0,1,,,
0.000218257,1,,0,1,,,
0.000590972,1,,0,1,,,
8.60E-08,1,,0,1,,,
9.48E-06,1,,0,1,,,
8.48E-07,1,,0,1,,,
3.54E-06,1,,0,1,,,
0.007416635,1,,0,1,,,
0.006852076,1,,0,1,,,
0.000194883,1,,0,1,,,
0.006685266,1,,0,1,,,
0.0012899,1,,0,1,,,
1.09E-05,1,,0,1,,,
1.37E-07,1,,0,1,,,
9.59E-08,1,,0,1,,,
2.62E-06,1,,0,1,,,
0.000443078,1,,0,1,,,
0.001347193,1,,0,1,,,
0.001414908,0.9999565,,0,1,,,
9.72E-07,0.9999999,,0,1,,,
0.000909998,1,,0,1,,,
0.000801073,1,,0,1,,,
1.85E-05,1,,0,1,,,
2.46E-05,1,,0,1,,,
2.61E-06,1,,0,1,,,
0.001356227,1,,0,1,,,
0.000336896,1,,0,1,,,
1.73E-06,0.9988187,,0,1,,,
0.003868998,0.9999511,,0,1,,,
0.001045565,1,,0,1,,,
1.57E-05,1,,0,1,,,
0.000123301,0.99999964,,0,1,,,
1.67E-05,1,,0,1,,,
0.000225383,1,,0,1,,,
0.000185167,1,,0,1,,,
9.47E-06,0.9999831,,0,1,,,
2.51E-06,1,,0,1,,,
0.000455306,0.9088094,,0,1,,,
0.000624909,1,,0,1,,,
0.002206535,0.9999994,,0,1,,,
1.47E-05,0.9999994,,0,1,,,
1.09E-06,1,,0,1,,,
9.35E-08,0.99922574,,0,1,,,
3.50E-06,0.99999964,,0,1,,,
7.40E-07,1,,0,1,,,
0.000254248,0.99883956,,0,1,,,
6.73E-07,0.9790261,,0,1,,,
5.82E-06,0.9997869,,0,1,,,
2.55E-06,0.9999229,,0,1,,,
0.000149262,1,,0,1,,,
1.15E-06,1,,0,1,,,
5.19E-06,0.99999976,,0,1,,,
0.002149205,1,,0,1,,,
0.003114052,1,,0,1,,,
1.65E-07,0.9999975,,0,1,,,
0.000131729,1,,0,1,,,
0.000130707,0.9999988,,0,1,,,
6.62E-05,1,,0,1,,,
2.90E-05,0.9993605,,0,1,,,
0.09052219,0.9986614,,0,1,,,
2.44E-05,1,,0,1,,,
8.25E-06,1,,0,1,,,
0.000273065,1,,0,1,,,
0.000200118,0.9999937,,0,1,,,
2.34E-06,0.9996667,,0,1,,,
0.000111692,0.9996215,,0,1,,,
4.43E-06,1,,0,1,,,
7.18E-08,1,,0,1,,,
0.00303041,0.9999999,,0,1,,,
1.91E-06,0.99999774,,0,1,,,
1.93E-05,0.9994073,,0,1,,,
2.11E-06,1,,0,1,,,
1.25E-06,1,,0,1,,,
0.000352906,1,,0,1,,,
6.39E-05,0.99835443,,0,1,,,
6.30E-07,0.999788,,0,1,,,
0.000941887,0.99999714,,0,1,,,
7.20E-05,0.9925073,,0,1,,,
7.46E-05,0.999876,,0,1,,,
0.000173333,0.9998178,,0,1,,,
3.34E-06,0.9999999,,0,1,,,
1.35E-05,0.9999999,,0,1,,,
1.36E-05,0.9999434,,0,1,,,
1.36E-05,0.99848,,0,1,,,
8.73E-06,1,,0,1,,,
0.000363091,1,,0,1,,,
3.48E-06,0.9999827,,0,1,,,
3.25E-05,1,,0,1,,,
0.000413779,1,,0,1,,,
1.94E-05,0.9999988,,0,1,,,
9.61E-05,1,,0,1,,,
7.44E-05,1,,0,1,,,
9.36E-06,0.90534,,0,1,,,
0.026479432,1,,0,1,,,
0.000292431,1,,0,1,,,
2.26E-08,0.99999297,,0,1,,,
8.37E-05,0.9999999,,0,1,,,
5.68E-07,0.9999982,,0,1,,,
8.26E-05,1,,0,1,,,
1.31E-07,1,,0,1,,,
5.75E-06,0.8844384,,0,1,,,
8.59E-05,0.9999796,,0,1,,,
0.00258384,1,,0,1,,,
0.00074457,0.99945825,,0,1,,,
2.88E-06,1,,0,1,,,
0.000227747,0.99999976,,0,1,,,
7.45E-07,0.99999654,,0,1,,,
1.46E-05,1,,0,1,,,
0.000111468,0.99402976,,0,1,,,
0.002759425,0.9965455,,0,1,,,
8.47E-05,1,,0,1,,,
2.02E-06,0.9998135,,0,1,,,
9.77E-06,0.9999989,,0,1,,,
8.82E-07,0.999828,,0,1,,,
7.33E-05,1,,0,1,,,
0.04535344,1,,0,1,,,
0.0002385,0.9992719,,0,1,,,
1.59E-07,1,,0,1,,,
0.00015443,1,,0,1,,,
2.82E-06,1,,0,1,,,
0.000432303,1,,0,1,,,
4.76E-06,1,,0,1,,,
4.76E-06,1,,0,1,,,
0.000204388,0.9999968,,0,1,,,
0.000287572,1,,0,1,,,
0.000668073,0.9999989,,0,1,,,
0.002193923,1,,0,1,,,
0.000105421,0.9999901,,0,1,,,
1.90E-05,1,,0,1,,,
0.000335647,1,,0,1,,,
7.05E-05,0.99999976,,0,1,,,
4.96E-05,1,,0,1,,,
0.000374024,0.9996568,,0,1,,,
1.60E-06,1,,0,1,,,
1.85E-05,1,,0,1,,,
1.95E-05,1,,0,1,,,
0.000627925,0.9987251,,0,1,,,
0.000526287,1,,0,1,,,
0.00168601,0.9956975,,0,1,,,
8.24E-07,0.9982133,,0,1,,,
0.000364663,1,,0,1,,,
0.000135929,0.9999138,,0,1,,,
0.000426368,0.9999989,,0,1,,,
9.07E-06,0.96557426,,0,1,,,
0.000430008,0.99997425,,0,1,,,
2.23E-05,1,,0,1,,,
1.31E-06,1,,0,1,,,
0.000244555,0.9989716,,0,1,,,
1.06E-05,1,,0,1,,,
0.001073672,1,,0,1,,,
1.71E-05,0.9994343,,0,1,,,
7.98E-07,0.99993145,,0,1,,,
0.000268252,1,,0,1,,,
9.06E-07,0.99999964,,0,1,,,
0.000401883,0.99999845,,0,1,,,
0.000947981,0.99995947,,0,1,,,
0.036594078,1,,0,1,,,
1.16E-07,0.99999917,,0,1,,,
0.000130429,0.9996464,,0,1,,,
0.003529139,1,,0,1,,,
1.80E-06,1,,0,1,,,
6.05E-08,1,,0,1,,,
2.08E-07,1,,0,1,,,
1.67E-05,1,,0,1,,,
3.94E-05,1,,0,1,,,
5.59E-05,1,,0,1,,,
0.000433025,1,,0,1,,,
0.000219451,1,,0,1,,,
0.00079032,1,,0,1,,,
1.19E-06,1,,0,1,,,
0.000151779,1,,0,1,,,
0.000374316,1,,0,1,,,
9.09E-06,1,,0,1,,,
0.002630889,0.9999913,,0,1,,,
1.54E-06,1,,0,1,,,
2.61E-06,0.99999785,,0,1,,,
1.71E-05,1,,0,1,,,
0.000294452,0.9999993,,0,1,,,
0.000294452,0.99999344,,0,1,,,
1.67E-05,0.9994986,,0,1,,,
4.05E-05,0.99999917,,0,1,,,
1.13E-05,0.9999443,,0,1,,,
1.00E-06,1,,0,1,,,
1.39E-07,1,,0,1,,,
5.70E-08,1,,0,1,,,
1.55E-07,1,,0,1,,,
3.63E-07,0.9895197,,0,1,,,
0.001790106,1,,0,1,,,
0.000201844,1,,0,1,,,
3.64E-05,1,,0,1,,,
0.000975586,1,,0,1,,,
0.000975586,1,,0,1,,,
3.74E-06,0.9999666,,0,1,,,
0.000372243,1,,0,1,,,
2.38E-07,0.99999,,0,1,,,
1.71E-05,1,,0,1,,,
5.03E-06,1,,0,1,,,
4.40E-08,1,,0,1,,,
1.09E-05,0.9999999,,0,1,,,
4.86E-05,1,,0,1,,,
3.20E-05,1,,0,1,,,
2.78E-05,0.9988695,,0,1,,,
0.000133384,1,,0,1,,,
2.39E-06,1,,0,1,,,
5.24E-06,0.99958485,,0,1,,,
0.003586592,0.9999981,,0,1,,,
6.01E-05,0.9999981,,0,1,,,
0.03342684,1,,0,1,,,
0.040485602,0.9999989,,0,1,,,
2.56E-05,1,,0,1,,,
0.000269623,0.99973816,,0,1,,,
0.000147885,1,,0,1,,,
0.000120508,1,,0,1,,,
0.000156896,1,,0,1,,,
1.15E-05,1,,0,1,,,
1.66E-06,0.9999715,,0,1,,,
0.000129031,0.9999993,,0,1,,,
7.85E-07,0.9999989,,0,1,,,
9.09E-08,1,,0,1,,,
3.97E-06,1,,0,1,,,
0.000248234,0.9340833,,0,1,,,
4.61E-05,2.33E-06,,0,0,,,
2.38E-06,0.9999902,,0,1,,,
3.97E-05,1,,0,1,,,
8.08E-07,0.99997735,,0,1,,,
5.74E-07,0.9995721,,0,1,,,
0.003510267,1,,0,1,,,
0.000217962,1,,0,1,,,
3.87E-06,0.99999857,,0,1,,,
0.000568312,1,,0,1,,,
0.000694239,0.9998876,,0,1,,,
3.21E-06,0.999423,,0,1,,,
0.000128984,0.99999905,,0,1,,,
4.79E-06,0.9999974,,0,1,,,
1.15E-06,1,,0,1,,,
0.009012546,0.9958454,,0,1,,,
7.18E-06,1,,0,1,,,
0.35303175,1,,0,1,,,
0.001200549,1,,0,1,,,
2.29E-05,1,,0,1,,,
0.000150054,1,,0,1,,,
2.29E-05,1,,0,1,,,
0.000213381,0.10766046,,0,0,,,
1.40E-06,1,,0,1,,,
8.61E-05,0.99997544,,0,1,,,
0.00028859,0.9998901,,0,1,,,
0.000867605,0.99999976,,0,1,,,
7.32E-05,1,,0,1,,,
0.46847138,1,,0,1,,,
8.36E-06,0.99999475,,0,1,,,
1.06E-06,1,,0,1,,,
5.39E-08,1,,0,1,,,
1.06E-06,1,,0,1,,,
3.28E-07,1,,0,1,,,
1.01E-06,0.9999995,,0,1,,,
1.67E-05,0.99999964,,0,1,,,
1.56E-05,1,,0,1,,,
1.56E-05,1,,0,1,,,
1.74E-07,1,,0,1,,,
6.57E-05,1,,0,1,,,
0.00013917,0.97409546,,0,1,,,
0.00013917,0.99999523,,0,1,,,
3.71E-05,1,,0,1,,,
0.078586996,1,,0,1,,,
4.90E-08,0.9999999,,0,1,,,
4.71E-05,1,,0,1,,,
0.001807834,0.99999607,,0,1,,,
1.19E-08,1,,0,1,,,
0.24163388,1,,0,1,,,
5.82E-08,1,,0,1,,,
2.52E-05,1,,0,1,,,
3.37E-05,1,,0,1,,,
1.24E-07,1,,0,1,,,
0.000305576,1,,0,1,,,
1.31E-05,0.99594057,,0,1,,,
3.47E-06,1,,0,1,,,
0.00012181,1,,0,1,,,
0.00139777,1,,0,1,,,
4.91E-06,0.99996984,,0,1,,,
0.000175283,0.9999746,,0,1,,,
5.06E-05,1,,0,1,,,
1.79E-05,1,,0,1,,,
2.67E-05,1,,0,1,,,
0.008849282,1,,0,1,,,
1.75E-05,1,,0,1,,,
6.54E-05,1,,0,1,,,
0.00020305,1,,0,1,,,
0.000271392,0.99998784,,0,1,,,
1.78E-05,0.9998908,,0,1,,,
0.00093941,1,,0,1,,,
9.16E-05,0.99999666,,0,1,,,
1.83E-05,0.9999988,,0,1,,,
3.35E-06,1,,0,1,,,
0.003482267,0.9997937,,0,1,,,
5.44E-05,1,,0,1,,,
6.91E-07,1,,0,1,,,
0.0008548,0.9999168,,0,1,,,
8.55E-08,0.9999168,,0,1,,,
1.24E-07,1,,0,1,,,
0.01123996,0.99999356,,0,1,,,
2.60E-05,1,,0,1,,,
9.66E-06,1,,0,1,,,
7.59E-06,1,,0,1,,,
0.000756534,1,,0,1,,,
0.11036111,1,,0,1,,,
8.65E-05,1,,0,1,,,
0.002519806,0.9963811,,0,1,,,
2.70E-06,0.99983764,,0,1,,,
0.002115124,1,,0,1,,,
6.71E-05,1,,0,1,,,
3.35E-06,1,,0,1,,,
1.87E-05,1,,0,1,,,
5.47E-07,0.99999905,,0,1,,,
2.19E-05,1,,0,1,,,
2.27E-05,1,,0,1,,,
0.000236335,1,,0,1,,,
0.011690084,1,,0,1,,,
1.43E-07,0.9994523,,0,1,,,
0.001280808,0.9999989,,0,1,,,
6.79E-07,0.96599466,,0,1,,,
3.49E-05,1,,0,1,,,
4.19E-05,1,,0,1,,,
6.00E-06,1,,0,1,,,
0.003444724,1,,0,1,,,
2.40E-05,1,,0,1,,,
0.000631984,1,,0,1,,,
2.00E-06,0.9999988,,0,1,,,
3.24E-07,1,,0,1,,,
1.61E-07,1,,0,1,,,
0.000218591,1,,0,1,,,
1.72E-06,1,,0,1,,,
0.000106713,1,,0,1,,,
1.68E-05,1,,0,1,,,
0.005517609,1,,0,1,,,
9.83E-13,1,,0,1,,,
3.57E-06,1,,0,1,,,
1.56E-05,1,,0,1,,,
0.020215718,1,,0,1,,,
2.91E-05,1,,0,1,,,
0.009619128,1,,0,1,,,
0.000271624,0.9999825,,0,1,,,
2.28E-06,1,,0,1,,,
0.46214122,0.99999535,,0,1,,,
0.002204473,1,,0,1,,,
2.42E-09,1,,0,1,,,
6.62E-06,1,,0,1,,,
0.000394891,1,,0,1,,,
0.000108496,1,,0,1,,,
1.15E-06,0.9999993,,0,1,,,
1.56E-05,1,,0,1,,,
0.00064891,1,,0,1,,,
0.004272427,1,,0,1,,,
1.16E-07,0.9999956,,0,1,,,
2.32E-05,1,,0,1,,,
0.000260709,0.999985,,0,1,,,
1.21E-05,1,,0,1,,,
9.51E-08,1,,0,1,,,
4.66E-05,1,,0,1,,,
2.92E-05,0.9875271,,0,1,,,
0.006011697,1,,0,1,,,
7.01E-06,1,,0,1,,,
0.014205201,1,,0,1,,,
6.15E-05,1,,0,1,,,
0.011645994,1,,0,1,,,
4.72E-06,1,,0,1,,,
4.55E-07,1,,0,1,,,
3.94E-05,1,,0,1,,,
0.000317834,1,,0,1,,,
8.40E-06,1,,0,1,,,
4.13E-07,1,,0,1,,,
0.002734269,1,,0,1,,,
8.84E-05,1,,0,1,,,
0.001687919,0.99999535,,0,1,,,
0.002132316,1,,0,1,,,
0.000314145,1,,0,1,,,
3.31E-05,1,,0,1,,,
0.001881009,1,,0,1,,,
0.000174334,1,,0,1,,,
0.000231306,0.9999764,,0,1,,,
5.84E-10,0.99997544,,0,1,,,
0.000199409,1,,0,1,,,
5.00E-06,1,,0,1,,,
0.000187013,1,,0,1,,,
0.003307716,1,,0,1,,,
0.000454891,1,,0,1,,,
6.37E-05,1,,0,1,,,
1.71E-06,0.9999789,,0,1,,,
0.001051359,1,,0,1,,,
9.85E-07,1,,0,1,,,
0.000232678,1,,0,1,,,
9.72E-07,1,,0,1,,,
4.08E-05,0.99998784,,0,1,,,
0.002599031,0.9999976,,0,1,,,
0.000658388,1,,0,1,,,
9.06E-07,0.9999485,,0,1,,,
0.000481952,1,,0,1,,,
0.000283476,0.89330715,,0,1,,,
0.002626466,1,,0,1,,,
0.004014792,1,,0,1,,,
4.04E-06,1,,0,1,,,
0.000150568,1,,0,1,,,
2.17E-06,1,,0,1,,,
0.000191576,1,,0,1,,,
0.001201797,1,,0,1,,,
3.58E-06,1,,0,1,,,
0.00014697,1,,0,1,,,
1.64E-05,1,,0,1,,,
5.02E-06,1,,0,1,,,
0.00200195,1,,0,1,,,
0.000637225,1,,0,1,,,
4.85E-05,1,,0,1,,,
0.000305793,0.99999905,,0,1,,,
7.15E-05,0.9625467,,0,1,,,
0.000961467,1,,0,1,,,
2.99E-06,1,,0,1,,,
1.63E-08,1,,0,1,,,
0.000191219,1,,0,1,,,
1.09E-06,0.17822774,,0,0,,,
5.29E-05,0.9999993,,0,1,,,
0.000160029,0.99999225,,0,1,,,
0.001422004,1,,0,1,,,
2.73E-07,0.9999994,,0,1,,,
0.000244502,0.000447857,,0,0,,,
2.05E-06,1,,0,1,,,
0.000368518,1,,0,1,,,
8.12E-05,1,,0,1,,,
1.41E-05,1,,0,1,,,
1.19E-08,0.9999999,,0,1,,,
0.3076284,1,,0,1,,,
3.13E-05,1,,0,1,,,
1.89E-06,0.9999993,,0,1,,,
0.001626268,1,,0,1,,,
0.000260063,1,,0,1,,,
0.000875167,1,,0,1,,,
1.01E-06,0.99997044,,0,1,,,
0.001544866,1,,0,1,,,
2.82E-05,1,,0,1,,,
0.003222166,1,,0,1,,,
0.001938446,1,,0,1,,,
0.000477611,0.9999999,,0,1,,,
2.71E-05,1,,0,1,,,
8.14E-06,1,,0,1,,,
1.40E-05,1,,0,1,,,
0.015352391,1,,0,1,,,
5.01E-06,0.9999875,,0,1,,,
4.62E-06,1,,0,1,,,
6.56E-06,0.9999999,,0,1,,,
0.000101299,1,,0,1,,,
0.000105438,1,,0,1,,,
6.00E-08,1,,0,1,,,
2.30E-06,1,,0,1,,,
1.09E-07,0.99997497,,0,1,,,
5.00E-06,1,,0,1,,,
7.43E-06,0.9999995,,0,1,,,
0.000387071,1,,0,1,,,
0.001936199,1,,0,1,,,
0.016270887,1,,0,1,,,
0.000986026,1,,0,1,,,
2.71E-05,1,,0,1,,,
7.63E-05,0.9999999,,0,1,,,
0.014246346,1,,0,1,,,
0.000721512,1,,0,1,,,
0.006964521,1,,0,1,,,
0.010713935,0.9999999,,0,1,,,
2.71E-06,0.9999622,,0,1,,,
2.71E-06,0.99957985,,0,1,,,
3.81E-05,1,,0,1,,,
7.26E-05,0.9999995,,0,1,,,
7.26E-05,1,,0,1,,,
8.79E-05,1,,0,1,,,
2.20E-05,0.9997745,,0,1,,,
7.80E-05,1,,0,1,,,
0.000130734,1,,0,1,,,
0.000159989,0.9998068,,0,1,,,
2.48E-06,0.9999999,,0,1,,,
5.11E-05,0.99769896,,0,1,,,
2.34E-05,1,,0,1,,,
0.000129762,1,,0,1,,,
0.00202477,0.012779499,,0,0,,,
0.000243975,0.9999994,,0,1,,,
0.013226144,1,,0,1,,,
5.25E-05,1,,0,1,,,
5.10E-06,1,,0,1,,,
1.25E-08,1,,0,1,,,
0.00030478,0.9965352,,0,1,,,
0.000356928,1,,0,1,,,
9.34E-05,1,,0,1,,,
1.81E-08,1,,0,1,,,
3.63E-05,0.9999995,,0,1,,,
0.000520331,0.999524,,0,1,,,
2.12E-05,1,,0,1,,,
3.11E-05,1,,0,1,,,
0.000441242,0.9999831,,0,1,,,
0.013135974,1,,0,1,,,
0.013135974,1,,0,1,,,
7.30E-07,1,,0,1,,,
7.08E-07,1,,0,1,,,
1.17E-07,1,,0,1,,,
7.70E-08,0.9999943,,0,1,,,
8.88E-08,0.9980763,,0,1,,,
0.0401908,0.99999726,,0,1,,,
4.58E-07,1,,0,1,,,
0.000441601,0.9999708,,0,1,,,
0.000119249,0.9986304,,0,1,,,
0.003606995,1,,0,1,,,
7.31E-05,1,,0,1,,,
3.07E-05,1,,0,1,,,
0.000326241,0.9999999,,0,1,,,
1.99E-05,1,,0,1,,,
0.000559036,1,,0,1,,,
0.004164963,0.99994504,,0,1,,,
7.44E-09,1,,0,1,,,
0.000544009,0.9999341,,0,1,,,
0.00089487,1,,0,1,,,
1.69E-05,1,,0,1,,,
2.49E-06,1,,0,1,,,
0.1824076,1,,0,1,,,
0.001161553,1,,0,1,,,
0.004291832,1,,0,1,,,
7.90E-05,1,,0,1,,,
1.39E-07,0.99999666,,0,1,,,
0.002636851,1,,0,1,,,
0.002636851,1,,0,1,,,
2.97E-07,1,,0,1,,,
2.34E-08,1,,0,1,,,
6.14E-05,0.99994004,,0,1,,,
9.27E-07,0.9999994,,0,1,,,
2.93E-07,1,,0,1,,,
5.53E-05,1,,0,1,,,
2.63E-05,0.99993765,,0,1,,,
2.10E-05,1,,0,1,,,
0.000449515,0.9999989,,0,1,,,
0.000284048,1,,0,1,,,
0.000209627,0.99999964,,0,1,,,
0.000997281,1,,0,1,,,
5.51E-05,0.9992643,,0,1,,,
0.000419224,1,,0,1,,,
0.000586182,0.99999726,,0,1,,,
0.000404675,0.9770676,,0,1,,,
1.46E-05,0.999726,,0,1,,,
4.18E-07,0.99948597,,0,1,,,
1.82E-06,1,,0,1,,,
4.00E-07,1,,0,1,,,
0.000132615,1,,0,1,,,
1.72E-08,0.99999976,,0,1,,,
0.00083786,1,,0,1,,,
0.000168026,1,,0,1,,,
6.10E-06,0.9999976,,0,1,,,
0.000764343,0.9995857,,0,1,,,
0.002503046,0.9999988,,0,1,,,
0.000292434,0.9999993,,0,1,,,
3.10E-06,0.29189265,,0,0,,,
3.23E-06,0.9999229,,0,1,,,
0.00010933,1,,0,1,,,
8.65E-05,1,,0,1,,,
0.000427448,0.9998301,,0,1,,,
0.009630854,0.99993944,,0,1,,,
0.002400895,1,,0,1,,,
2.60E-07,0.99999404,,0,1,,,
1.78E-07,1,,0,1,,,
0.000859292,0.9999989,,0,1,,,
0.002188328,0.84062546,,0,1,,,
2.82E-05,1,,0,1,,,
0.002378777,1,,0,1,,,
3.15E-08,0.9999993,,0,1,,,
3.15E-08,0.99998593,,0,1,,,
2.39E-05,0.99999726,,0,1,,,
0.000385723,1,,0,1,,,
2.44E-09,1,,0,1,,,
6.74E-07,1,,0,1,,,
0.003084744,0.9998305,,0,1,,,
0.000440651,1,,0,1,,,
0.000822333,1,,0,1,,,
0.002231965,1,,0,1,,,
4.18E-05,1,,0,1,,,
1.74E-05,0.99980325,,0,1,,,
0.000400806,1,,0,1,,,
1.77E-05,0.9998266,,0,1,,,
1.40E-07,0.99999964,,0,1,,,
8.39E-05,0.99968696,,0,1,,,
2.21E-06,0.9978769,,0,1,,,
2.21E-06,0.9987656,,0,1,,,
0.00401594,1,,0,1,,,
0.00030109,1,,0,1,,,
2.77E-09,1,,0,1,,,
3.44E-05,1,,0,1,,,
0.000414058,0.9603514,,0,1,,,
1.06E-07,0.9999951,,0,1,,,
0.000125316,0.99236745,,0,1,,,
9.19E-08,0.99989235,,0,1,,,
0.002928568,0.9997193,,0,1,,,
5.44E-09,0.99992526,,0,1,,,
1.61E-05,0.99999464,,0,1,,,
0.022608396,0.999889,,0,1,,,
2.49E-05,1,,0,1,,,
0.000254488,0.99991417,,0,1,,,
2.50E-05,1,,0,1,,,
2.67E-05,0.9999994,,0,1,,,
2.67E-05,0.99999666,,0,1,,,
4.66E-08,1,,0,1,,,
0.005831097,0.000861451,,0,0,,,
0.000308868,0.9999839,,0,1,,,
0.000630787,1,,0,1,,,
1.62E-05,0.9524194,,0,1,,,
7.20E-08,1,,0,1,,,
0.000571641,1,,0,1,,,
0.001067475,1,,0,1,,,
6.61E-05,1,,0,1,,,
1.61E-06,0.9995641,,0,1,,,
0.007811165,1,,0,1,,,
4.69E-06,1,,0,1,,,
1.15E-07,0.99999976,,0,1,,,
1.52E-07,1,,0,1,,,
6.47E-07,1,,0,1,,,
0.002101454,0.99999857,,0,1,,,
1.09E-05,1,,0,1,,,
2.40E-05,0.9999989,,0,1,,,
1.31E-05,0.9987471,,0,1,,,
6.47E-05,0.99999785,,0,1,,,
0.00057468,0.9999759,,0,1,,,
2.49E-06,0.9999999,,0,1,,,
0.000747241,1,,0,1,,,
0.001630693,1,,0,1,,,
0.009990283,0.9999604,,0,1,,,
4.35E-06,0.99999845,,0,1,,,
0.000252653,1,,0,1,,,
1.29E-05,0.9999728,,0,1,,,
4.27E-05,1,,0,1,,,
0.000108549,1,,0,1,,,
0.001739105,0.9999999,,0,1,,,
3.14E-06,1,,0,1,,,
8.05E-07,1,,0,1,,,
1.28E-07,1,,0,1,,,
0.88430756,0.99996626,,1,1,,,
1.09E-06,0.9999999,,0,1,,,
5.65E-05,1,,0,1,,,
6.37E-05,1,,0,1,,,
1.19E-07,1,,0,1,,,
1.14E-06,0.9999981,,0,1,,,
1.14E-06,1,,0,1,,,
3.42E-05,0.99999976,,0,1,,,
0.001447639,1,,0,1,,,
4.62E-05,1,,0,1,,,
1.82E-05,0.99999976,,0,1,,,
9.26E-06,1,,0,1,,,
8.01E-05,1,,0,1,,,
6.58E-09,0.9999999,,0,1,,,
3.50E-06,0.9999869,,0,1,,,
0.008358592,1,,0,1,,,
4.88E-05,0.99998987,,0,1,,,
2.48E-06,1,,0,1,,,
0.001625057,0.998248,,0,1,,,
0.003731244,1,,0,1,,,
0.000358644,0.9999697,,0,1,,,
8.40E-07,1,,0,1,,,
0.002418439,0.9993925,,0,1,,,
0.001488207,0.9999597,,0,1,,,
1.74E-06,1,,0,1,,,
0.001992918,0.9999989,,0,1,,,
7.36E-08,1,,0,1,,,
0.005400293,0.99999905,,0,1,,,
6.22E-07,1,,0,1,,,
1.10E-05,0.9887221,,0,1,,,
1.30E-05,1,,0,1,,,
0.000102803,1,,0,1,,,
3.58E-07,0.99999714,,0,1,,,
0.000581325,0.9999995,,0,1,,,
0.001208543,0.99999917,,0,1,,,
1.09E-05,0.9998053,,0,1,,,
0.000174824,0.99966025,,0,1,,,
0.009369765,1,,0,1,,,
1.37E-06,1,,0,1,,,
9.99E-05,0.99999344,,0,1,,,
1.01E-07,1,,0,1,,,
6.83E-05,1,,0,1,,,
1.59E-09,0.99999976,,0,1,,,
9.30E-06,1,,0,1,,,
5.71E-05,0.99952996,,0,1,,,
0.000956728,1,,0,1,,,
1.80E-06,1,,0,1,,,
4.39E-06,0.999979,,0,1,,,
2.66E-06,1,,0,1,,,
1.11E-06,1,,0,1,,,
1.86E-05,1,,0,1,,,
0.000103357,1,,0,1,,,
0.001329776,0.99999654,,0,1,,,
2.81E-09,1,,0,1,,,
0.000860287,1,,0,1,,,
0.011653966,1,,0,1,,,
0.000152431,1,,0,1,,,
8.44E-06,1,,0,1,,,
0.002796711,0.9999958,,0,1,,,
3.90E-06,0.99999964,,0,1,,,
0.000897859,1,,0,1,,,
3.69E-08,1,,0,1,,,
0.004245873,1,,0,1,,,
9.83E-06,1,,0,1,,,
0.000403648,0.9998889,,0,1,,,
0.00166756,0.99324,,0,1,,,
2.77E-05,0.99998,,0,1,,,
0.000276961,1,,0,1,,,
6.57E-05,0.9999969,,0,1,,,
4.26E-06,1,,0,1,,,
0.000277754,0.9997681,,0,1,,,
0.000490705,0.9999989,,0,1,,,
7.68E-06,1,,0,1,,,
0.000164421,0.9982079,,0,1,,,
7.47E-07,1,,0,1,,,
0.002280684,1,,0,1,,,
0.94546604,1,,1,1,,,
9.58E-08,1,,0,1,,,
5.41E-06,1,,0,1,,,
0.001823268,1,,0,1,,,
4.65E-09,0.99995255,,0,1,,,
2.86E-06,1,,0,1,,,
0.000153407,0.9999964,,0,1,,,
9.48E-08,1,,0,1,,,
7.73E-09,1,,0,1,,,
2.50E-05,1,,0,1,,,
0.000302977,1,,0,1,,,
0.00017519,1,,0,1,,,
2.28E-06,1,,0,1,,,
3.51E-05,1,,0,1,,,
4.00E-05,1,,0,1,,,
2.69E-05,1,,0,1,,,
8.35E-06,1,,0,1,,,
7.44E-05,1,,0,1,,,
7.36E-05,1,,0,1,,,
2.29E-08,1,,0,1,,,
0.019960536,1,,0,1,,,
1.39E-05,0.99214315,,0,1,,,
0.002344784,1,,0,1,,,
0.27628165,1,,0,1,,,
3.89E-05,0.9999999,,0,1,,,
0.010981374,1,,0,1,,,
1.87E-05,0.9999982,,0,1,,,
2.46E-05,1,,0,1,,,
4.47E-07,1,,0,1,,,
6.46E-05,0.9998311,,0,1,,,
1.66E-05,1,,0,1,,,
1.34E-06,1,,0,1,,,
0.000336079,0.9999995,,0,1,,,
2.27E-07,1,,0,1,,,
0.000163037,1,,0,1,,,
1.02E-05,1,,0,1,,,
0.001664575,1,,0,1,,,
0.000111402,1,,0,1,,,
0.000472703,1,,0,1,,,
0.000168384,0.99890614,,0,1,,,
5.60E-06,1,,0,1,,,
0.000229316,1,,0,1,,,
0.004334291,0.999171,,0,1,,,
0.005554619,1,,0,1,,,
2.39E-05,1,,0,1,,,
3.27E-05,1,,0,1,,,
0.001042598,1,,0,1,,,
1.05E-06,0.99999976,,0,1,,,
2.10E-05,1,,0,1,,,
2.75E-06,0.99999964,,0,1,,,
7.38E-08,1,,0,1,,,
7.15E-05,1,,0,1,,,
5.61E-06,0.9999995,,0,1,,,
4.87E-07,1,,0,1,,,
0.00038067,1,,0,1,,,
9.04E-06,0.99998415,,0,1,,,
3.06E-05,1,,0,1,,,
1.93E-05,1,,0,1,,,
9.41E-06,1,,0,1,,,
8.03E-06,1,,0,1,,,
7.95E-06,1,,0,1,,,
8.53E-05,1,,0,1,,,
0.000442318,1,,0,1,,,
0.000506085,0.99993336,,0,1,,,
2.94E-05,1,,0,1,,,
1.94E-06,1,,0,1,,,
1.42E-05,0.99978584,,0,1,,,
2.69E-05,0.9999999,,0,1,,,
1.78E-05,1,,0,1,,,
0.016617175,1,,0,1,,,
2.42E-05,1,,0,1,,,
0.18514708,1,,0,1,,,
3.48E-07,1,,0,1,,,
3.48E-07,1,,0,1,,,
9.24E-05,1,,0,1,,,
7.32E-05,1,,0,1,,,
2.24E-06,1,,0,1,,,
3.82E-05,1,,0,1,,,
0.000892495,0.99999976,,0,1,,,
4.96E-05,0.9999912,,0,1,,,
0.001390899,1,,0,1,,,
1.44E-05,1,,0,1,,,
0.000507864,1,,0,1,,,
1.27E-05,0.99979085,,0,1,,,
2.35E-05,1,,0,1,,,
3.74E-06,1,,0,1,,,
2.52E-08,1,,0,1,,,
0.002123273,1,,0,1,,,
2.73E-06,0.99886525,,0,1,,,
0.00144634,1,,0,1,,,
8.30E-06,0.9910649,,0,1,,,
0.00276153,1,,0,1,,,
8.09E-06,0.99999857,,0,1,,,
9.83E-08,1,,0,1,,,
2.83E-05,1,,0,1,,,
2.84E-05,1,,0,1,,,
9.47E-05,1,,0,1,,,
9.47E-05,1,,0,1,,,
4.49E-05,0.9999999,,0,1,,,
2.75E-06,1,,0,1,,,
1.61E-05,1,,0,1,,,
0.000300932,1,,0,1,,,
7.42E-05,0.99996185,,0,1,,,
1.64E-05,1,,0,1,,,
0.001236844,1,,0,1,,,
0.000112137,1,,0,1,,,
0.000245406,1,,0,1,,,
0.000357327,1,,0,1,,,
0.000283897,1,,0,1,,,
0.013954523,1,,0,1,,,
8.59E-08,0.99984777,,0,1,,,
0.000331618,1,,0,1,,,
4.36E-06,1,,0,1,,,
5.89E-08,1,,0,1,,,
1.51E-06,0.99999976,,0,1,,,
0.001081564,1,,0,1,,,
5.52E-07,1,,0,1,,,
0.000374517,1,,0,1,,,
0.026186742,1,,0,1,,,
0.026186742,1,,0,1,,,
8.02E-06,1,,0,1,,,
1.08E-05,0.9999919,,0,1,,,
3.24E-05,1,,0,1,,,
0.000174391,1,,0,1,,,
3.87E-05,1,,0,1,,,
0.000554393,0.89447117,,0,1,,,
0.000200197,0.9999999,,0,1,,,
2.81E-06,0.9999999,,0,1,,,
1.27E-05,1,,0,1,,,
0.004305498,1,,0,1,,,
1.93E-05,1,,0,1,,,
2.03E-06,1,,0,1,,,
3.01E-08,1,,0,1,,,
1.21E-07,1,,0,1,,,
0.000105736,0.9999815,,0,1,,,
1.11E-05,1,,0,1,,,
1.12E-05,1,,0,1,,,
0.006972804,0.9992539,,0,1,,,
2.64E-05,1,,0,1,,,
1.02E-06,1,,0,1,,,
0.000325769,0.99999344,,0,1,,,
2.19E-05,0.9999939,,0,1,,,
8.48E-08,1,,0,1,,,
0.00031743,1,,0,1,,,
7.89E-05,1,,0,1,,,
2.79E-05,1,,0,1,,,
3.34E-05,1,,0,1,,,
0.010195722,0.9999999,,0,1,,,
0.000342501,1,,0,1,,,
6.43E-06,1,,0,1,,,
0.000654099,1,,0,1,,,
1.96E-07,1,,0,1,,,
4.94E-07,1,,0,1,,,
0.000580835,1,,0,1,,,
7.17E-05,0.99999976,,0,1,,,
3.00E-05,1,,0,1,,,
0.000136596,0.9999999,,0,1,,,
2.35E-07,0.9993761,,0,1,,,
0.000524754,0.95359075,,0,1,,,
0.000350035,1,,0,1,,,
9.18E-06,0.99959606,,0,1,,,
1.72E-07,1,,0,1,,,
7.99E-06,1,,0,1,,,
5.99E-07,1,,0,1,,,
3.43E-07,1,,0,1,,,
0.000544212,1,,0,1,,,
9.95E-07,1,,0,1,,,
2.73E-05,0.9702688,,0,1,,,
6.66E-08,1,,0,1,,,
5.76E-11,0.999956,,0,1,,,
2.82E-06,1,,0,1,,,
0.000107677,1,,0,1,,,
0.000141579,1,,0,1,,,
3.37E-05,0.9999994,,0,1,,,
1.05E-07,1,,0,1,,,
4.00E-07,1,,0,1,,,
0.000162664,0.99999964,,0,1,,,
0.001577207,1,,0,1,,,
0.36607057,0.999998,,0,1,,,
1.22E-07,1,,0,1,,,
2.15E-08,1,,0,1,,,
0.001452196,1,,0,1,,,
2.39E-05,1,,0,1,,,
0.007092764,0.9999622,,0,1,,,
3.35E-05,0.9181164,,0,1,,,
1.07E-06,1,,0,1,,,
8.69E-05,0.99999964,,0,1,,,
0.000433485,1,,0,1,,,
4.10E-05,1,,0,1,,,
3.21E-06,1,,0,1,,,
0.002910289,1,,0,1,,,
0.010503587,0.9999989,,0,1,,,
0.000104698,1,,0,1,,,
0.000408779,1,,0,1,,,
7.01E-06,0.9999995,,0,1,,,
1.90E-05,0.9998628,,0,1,,,
6.57E-07,0.9965245,,0,1,,,
0.000116707,0.99999976,,0,1,,,
1.24E-07,1,,0,1,,,
1.29E-05,0.9996325,,0,1,,,
5.99E-08,0.9997873,,0,1,,,
0.0001849,0.9994406,,0,1,,,
0.01578551,0.94913423,,0,1,,,
2.08E-06,0.99984217,,0,1,,,
0.000667934,1,,0,1,,,
0.003873006,0.99982566,,0,1,,,
0.003873006,0.99982566,,0,1,,,
2.20E-06,1,,0,1,,,
0.000104422,1,,0,1,,,
4.04E-06,0.99999464,,0,1,,,
2.16E-05,0.9999999,,0,1,,,
0.124724194,1,,0,1,,,
0.000102009,1,,0,1,,,
0.00017474,1,,0,1,,,
4.10E-05,1,,0,1,,,
5.89E-08,1,,0,1,,,
4.66E-05,1,,0,1,,,
3.84E-06,1,,0,1,,,
0.000106185,1,,0,1,,,
0.002511155,0.9997689,,0,1,,,
0.000542985,0.99999213,,0,1,,,
8.53E-08,0.99999833,,0,1,,,
0.010215696,1,,0,1,,,
2.47E-05,1,,0,1,,,
3.20E-08,1,,0,1,,,
3.21E-05,1,,0,1,,,
4.42E-09,0.9998765,,0,1,,,
2.99E-06,1,,0,1,,,
0.006759089,1,,0,1,,,
0.000590491,1,,0,1,,,
2.05E-06,1,,0,1,,,
1.22E-06,1,,0,1,,,
2.61E-05,1,,0,1,,,
3.24E-05,1,,0,1,,,
0.000452651,0.9996549,,0,1,,,
0.000298588,1,,0,1,,,
8.89E-05,1,,0,1,,,
5.92E-05,1,,0,1,,,
0.006750253,1,,0,1,,,
2.26E-05,1,,0,1,,,
7.30E-05,0.9999869,,0,1,,,
0.001774624,1,,0,1,,,
7.69E-05,0.9999893,,0,1,,,
8.11E-06,0.9999995,,0,1,,,
0.000191104,1,,0,1,,,
3.18E-05,1,,0,1,,,
0.000717168,1,,0,1,,,
0.000431559,1,,0,1,,,
0.000355921,1,,0,1,,,
8.46E-07,1,,0,1,,,
1.27E-07,1,,0,1,,,
2.49E-05,0.9998852,,0,1,,,
3.98E-05,1,,0,1,,,
1.54E-07,1,,0,1,,,
1.34E-05,1,,0,1,,,
0.05617126,1,,0,1,,,
3.59E-07,1,,0,1,,,
7.37E-05,1,,0,1,,,
3.51E-06,0.99999976,,0,1,,,
0.00048483,1,,0,1,,,
9.92E-08,1,,0,1,,,
0.001401686,0.9999999,,0,1,,,
0.000358079,1,,0,1,,,
3.60E-07,1,,0,1,,,
1.53E-05,1,,0,1,,,
0.001922388,1,,0,1,,,
0.000178891,1,,0,1,,,
9.87E-09,0.9999927,,0,1,,,
0.000242739,1,,0,1,,,
2.79E-09,1,,0,1,,,
0.002744619,1,,0,1,,,
2.14E-07,1,,0,1,,,
2.45E-07,0.99999964,,0,1,,,
8.58E-05,1,,0,1,,,
1.27E-05,1,,0,1,,,
5.24E-07,1,,0,1,,,
1.23E-06,1,,0,1,,,
0.000278995,1,,0,1,,,
0.005291564,1,,0,1,,,
1.51E-07,1,,0,1,,,
1.40E-05,1,,0,1,,,
3.09E-06,1,,0,1,,,
4.62E-07,1,,0,1,,,
0.01539888,0.99999714,,0,1,,,
6.55E-08,1,,0,1,,,
0.001442279,1,,0,1,,,
0.000938768,1,,0,1,,,
1.84E-06,1,,0,1,,,
0.001569955,1,,0,1,,,
0.029054433,1,,0,1,,,
0.00130859,0.99999976,,0,1,,,
4.66E-05,1,,0,1,,,
7.25E-06,1,,0,1,,,
0.000175768,1,,0,1,,,
2.65E-05,0.9999999,,0,1,,,
0.001223567,1,,0,1,,,
1.56E-09,1,,0,1,,,
0.27027035,1,,0,1,,,
2.66E-06,1,,0,1,,,
0.000126244,0.99999833,,0,1,,,
4.61E-06,1,,0,1,,,
0.000151807,0.9999467,,0,1,,,
6.21E-06,0.99999917,,0,1,,,
1.36E-07,1,,0,1,,,
0.001021985,1,,0,1,,,
0.002973006,1,,0,1,,,
0.000394465,1,,0,1,,,
0.001401837,1,,0,1,,,
0.000289322,1,,0,1,,,
6.26E-06,1,,0,1,,,
3.87E-06,1,,0,1,,,
4.74E-05,1,,0,1,,,
2.19E-06,1,,0,1,,,
2.19E-06,1,,0,1,,,
0.0001466,1,,0,1,,,
9.83E-05,1,,0,1,,,
0.000810427,0.99996495,,0,1,,,
0.000642307,1,,0,1,,,
2.94E-05,1,,0,1,,,
4.06E-06,1,,0,1,,,
0.001286631,1,,0,1,,,
0.002050062,1,,0,1,,,
1.08E-06,1,,0,1,,,
0.003638965,1,,0,1,,,
4.62E-05,0.9999999,,0,1,,,
1.09E-05,1,,0,1,,,
0.000194855,1,,0,1,,,
0.000146654,1,,0,1,,,
5.92E-08,1,,0,1,,,
1.87E-05,1,,0,1,,,
5.16E-07,1,,0,1,,,
0.002282338,1,,0,1,,,
0.00012056,1,,0,1,,,
6.61E-05,1,,0,1,,,
0.000181005,1,,0,1,,,
3.05E-07,0.99995697,,0,1,,,
4.03E-05,1,,0,1,,,
0.000294492,1,,0,1,,,
0.99688536,1,,1,1,,,
0.000504677,0.99999964,,0,1,,,
0.001987776,1,,0,1,,,
0.001987776,0.99999976,,0,1,,,
1.65E-07,0.9999999,,0,1,,,
1.94E-08,1,,0,1,,,
0.000586951,1,,0,1,,,
0.000586951,1,,0,1,,,
0.00644075,1,,0,1,,,
3.41E-06,1,,0,1,,,
1.36E-06,0.99999917,,0,1,,,
6.16E-06,0.9999999,,0,1,,,
6.90E-05,1,,0,1,,,
0.007772211,1,,0,1,,,
0.23376454,1,,0,1,,,
6.11E-07,1,,0,1,,,
0.000456189,1,,0,1,,,
0.006819994,1,,0,1,,,
0.006819994,0.9999981,,0,1,,,
0.006419663,1,,0,1,,,
5.83E-05,1,,0,1,,,
1.34E-06,1,,0,1,,,
1.34E-06,1,,0,1,,,
1.46E-07,1,,0,1,,,
0.000281175,0.99999976,,0,1,,,
6.98E-06,1,,0,1,,,
4.15E-05,1,,0,1,,,
0.00058182,1,,0,1,,,
7.79E-05,1,,0,1,,,
1.19E-06,0.9999999,,0,1,,,
8.83E-09,1,,0,1,,,
5.48E-06,0.9999962,,0,1,,,
7.98E-09,1,,0,1,,,
8.59E-06,1,,0,1,,,
0.00033848,1,,0,1,,,
2.26E-05,1,,0,1,,,
8.45E-07,1,,0,1,,,
2.55E-05,1,,0,1,,,
0.0001634,1,,0,1,,,
4.51E-07,1,,0,1,,,
0.00053634,1,,0,1,,,
2.33E-05,1,,0,1,,,
0.00040438,0.9999999,,0,1,,,
3.26E-05,1,,0,1,,,
3.70E-05,1,,0,1,,,
6.06E-05,0.99999714,,0,1,,,
0.000120335,0.99994254,,0,1,,,
5.43E-06,1,,0,1,,,
9.55E-07,0.9999988,,0,1,,,
1.29E-07,1,,0,1,,,
0.001127292,1,,0,1,,,
5.06E-05,1,,0,1,,,
8.13E-07,1,,0,1,,,
1.73E-05,1,,0,1,,,
0.002280216,0.9999976,,0,1,,,
3.85E-05,1,,0,1,,,
7.47E-07,1,,0,1,,,
5.52E-09,1,,0,1,,,
5.80E-06,1,,0,1,,,
3.81E-05,1,,0,1,,,
6.97E-05,1,,0,1,,,
0.000599478,1,,0,1,,,
1.36E-05,1,,0,1,,,
0.000583657,1,,0,1,,,
6.03E-05,1,,0,1,,,
0.000705748,1,,0,1,,,
0.00027302,0.99999833,,0,1,,,
2.19E-06,1,,0,1,,,
9.62E-08,0.9999999,,0,1,,,
9.62E-08,1,,0,1,,,
7.36E-05,1,,0,1,,,
0.000359367,1,,0,1,,,
0.008196321,1,,0,1,,,
6.18E-06,1,,0,1,,,
0.000134136,0.9999999,,0,1,,,
3.13E-06,1,,0,1,,,
1.01E-06,0.9999999,,0,1,,,
0.000186426,0.99997985,,0,1,,,
0.000147851,1,,0,1,,,
3.89E-05,1,,0,1,,,
0.000259977,0.99998164,,0,1,,,
3.01E-05,1,,0,1,,,
5.54E-06,1,,0,1,,,
1.53E-06,1,,0,1,,,
1.09E-05,0.9999902,,0,1,,,
0.000710455,1,,0,1,,,
6.33E-05,0.99897075,,0,1,,,
2.86E-05,1,,0,1,,,
0.000142448,0.99999917,,0,1,,,
0.000956615,1,,0,1,,,
1.04E-05,0.9999999,,0,1,,,
5.54E-06,1,,0,1,,,
9.69E-07,1,,0,1,,,
9.47E-06,1,,0,1,,,
9.69E-07,1,,0,1,,,
0.000558909,1,,0,1,,,
0.000127222,1,,0,1,,,
4.25E-06,1,,0,1,,,
6.55E-05,0.99999976,,0,1,,,
1.28E-06,1,,0,1,,,
4.57E-05,1,,0,1,,,
4.67E-05,0.99999905,,0,1,,,
0.002987394,1,,0,1,,,
4.15E-06,1,,0,1,,,
5.00E-07,0.9996896,,0,1,,,
1.44E-06,1,,0,1,,,
0.000201901,1,,0,1,,,
0.000910255,0.99999976,,0,1,,,
2.69E-06,1,,0,1,,,
0.000148739,1,,0,1,,,
6.17E-08,0.9999995,,0,1,,,
1.99E-06,1,,0,1,,,
0.000764668,1,,0,1,,,
3.98E-05,1,,0,1,,,
6.34E-06,1,,0,1,,,
4.87E-05,1,,0,1,,,
0.000349588,0.99999356,,0,1,,,
8.17E-06,0.99999905,,0,1,,,
8.73E-07,1,,0,1,,,
3.34E-07,1,,0,1,,,
2.23E-06,1,,0,1,,,
7.70E-05,0.99997354,,0,1,,,
7.11E-05,1,,0,1,,,
4.92E-05,0.99999857,,0,1,,,
8.89E-07,1,,0,1,,,
0.000862571,1,,0,1,,,
1.56E-05,1,,0,1,,,
0.000428627,1,,0,1,,,
0.001489261,1,,0,1,,,
0.10982727,1,,0,1,,,
1.97E-06,1,,0,1,,,
0.000675174,1,,0,1,,,
1.80E-06,1,,0,1,,,
6.31E-08,0.9999987,,0,1,,,
0.000355745,1,,0,1,,,
0.001045726,1,,0,1,,,
0.004081511,1,,0,1,,,
1.28E-05,0.9999591,,0,1,,,
2.08E-08,1,,0,1,,,
2.11E-05,1,,0,1,,,
0.001430878,1,,0,1,,,
0.000219643,1,,0,1,,,
1.50E-06,1,,0,1,,,
9.42E-06,0.9999999,,0,1,,,
0.000549072,1,,0,1,,,
0.000549072,1,,0,1,,,
6.82E-07,1,,0,1,,,
6.11E-09,0.9999914,,0,1,,,
6.01E-08,1,,0,1,,,
0.000431088,1,,0,1,,,
0.016565686,1,,0,1,,,
0.001930074,1,,0,1,,,
4.55E-05,1,,0,1,,,
0.000111553,1,,0,1,,,
0.000111553,1,,0,1,,,
0.00068692,1,,0,1,,,
8.52E-05,1,,0,1,,,
8.52E-05,1,,0,1,,,
1.96E-07,1,,0,1,,,
1.66E-05,1,,0,1,,,
1.08E-06,1,,0,1,,,
4.19E-06,1,,0,1,,,
0.000107757,0.9999999,,0,1,,,
5.19E-06,1,,0,1,,,
0.001532834,1,,0,1,,,
1.90E-06,1,,0,1,,,
0.000241429,1,,0,1,,,
0.000241429,1,,0,1,,,
2.79E-05,1,,0,1,,,
3.95E-05,1,,0,1,,,
2.77E-08,1,,0,1,,,
3.09E-08,0.99998796,,0,1,,,
2.94E-06,1,,0,1,,,
2.62E-05,1,,0,1,,,
0.22242406,1,,0,1,,,
4.60E-05,1,,0,1,,,
0.00825545,1,,0,1,,,
0.000376053,1,,0,1,,,
4.09E-05,1,,0,1,,,
0.000351311,1,,0,1,,,
0.000164526,0.9999982,,0,1,,,
1.69E-06,0.9999578,,0,1,,,
0.00042553,1,,0,1,,,
4.23E-06,0.9977545,,0,1,,,
6.13E-05,0.9990681,,0,1,,,
0.003640258,1,,0,1,,,
5.20E-05,1,,0,1,,,
0.000215433,1,,0,1,,,
0.000219932,1,,0,1,,,
0.001471852,0.99999976,,0,1,,,
0.003306861,1,,0,1,,,
1.61E-07,1,,0,1,,,
6.56E-05,0.9999925,,0,1,,,
2.09E-05,1,,0,1,,,
6.71E-06,1,,0,1,,,
0.002557193,1,,0,1,,,
1.92E-07,1,,0,1,,,
2.17E-08,1,,0,1,,,
1.76E-06,1,,0,1,,,
0.001126706,1,,0,1,,,
0.003413124,1,,0,1,,,
0.000148357,1,,0,1,,,
0.000602911,1,,0,1,,,
0.000146419,1,,0,1,,,
0.000109856,1,,0,1,,,
3.63E-05,0.99904543,,0,1,,,
9.89E-06,1,,0,1,,,
5.09E-05,1,,0,1,,,
4.50E-07,0.9999993,,0,1,,,
8.81E-07,1,,0,1,,,
8.70E-07,1,,0,1,,,
1.91E-05,0.999992,,0,1,,,
0.045521934,1,,0,1,,,
0.002817401,1,,0,1,,,
0.000889038,1,,0,1,,,
0.00293544,1,,0,1,,,
1.98E-06,1,,0,1,,,
3.62E-05,0.9999995,,0,1,,,
4.36E-06,1,,0,1,,,
0.000891934,1,,0,1,,,
0.000584744,1,,0,1,,,
5.12E-05,1,,0,1,,,
2.85E-06,1,,0,1,,,
4.87E-05,1,,0,1,,,
7.41E-05,0.9997193,,0,1,,,
0.000163623,1,,0,1,,,
0.00012916,1,,0,1,,,
2.37E-07,1,,0,1,,,
9.75E-05,1,,0,1,,,
6.03E-05,1,,0,1,,,
4.91E-05,1,,0,1,,,
0.000229205,0.9999999,,0,1,,,
0.000716249,1,,0,1,,,
0.99773216,0.99999976,,1,1,,,
3.96E-06,1,,0,1,,,
9.28E-06,1,,0,1,,,
0.000117556,1,,0,1,,,
0.000110171,1,,0,1,,,
0.000274065,1,,0,1,,,
1.83E-06,0.9999999,,0,1,,,
0.001887144,1,,0,1,,,
0.000147076,1,,0,1,,,
2.56E-05,1,,0,1,,,
0.005437624,1,,0,1,,,
0.000664871,1,,0,1,,,
1.02E-05,1,,0,1,,,
1.11E-06,0.99999917,,0,1,,,
1.34E-07,1,,0,1,,,
0.000118577,1,,0,1,,,
6.34E-05,1,,0,1,,,
0.00533197,1,,0,1,,,
1.06E-06,1,,0,1,,,
2.57E-05,0.999998,,0,1,,,
5.99E-05,1,,0,1,,,
0.003104373,1,,0,1,,,
1.15E-05,1,,0,1,,,
0.001353177,1,,0,1,,,
5.72E-07,1,,0,1,,,
3.17E-05,1,,0,1,,,
1.43E-05,1,,0,1,,,
5.54E-05,1,,0,1,,,
0.001840649,1,,0,1,,,
1.38E-06,1,,0,1,,,
9.11E-05,1,,0,1,,,
1.19E-06,1,,0,1,,,
0.001239297,0.9999995,,0,1,,,
1.28E-07,1,,0,1,,,
5.72E-05,1,,0,1,,,
0.000109401,1,,0,1,,,
5.69E-05,1,,0,1,,,
4.82E-06,1,,0,1,,,
0.00014843,1,,0,1,,,
0.000405496,1,,0,1,,,
0.00011092,1,,0,1,,,
9.58E-09,0.9990694,,0,1,,,
6.57E-05,1,,0,1,,,
0.000121342,1,,0,1,,,
0.000464942,1,,0,1,,,
1,1,,1,1,,,
7.36E-06,1,,0,1,,,
1.49E-09,1,,0,1,,,
0.0024079,1,,0,1,,,
1.17E-06,1,,0,1,,,
0.004780603,1,,0,1,,,
0.000760559,1,,0,1,,,
0.00315477,1,,0,1,,,
5.78E-05,1,,0,1,,,
1.89E-05,0.99999857,,0,1,,,
0.000117849,1,,0,1,,,
5.65E-05,1,,0,1,,,
4.09E-05,1,,0,1,,,
0.000648962,1,,0,1,,,
0.000282279,0.9999844,,0,1,,,
5.18E-08,1,,0,1,,,
1.16E-06,1,,0,1,,,
0.000221492,0.9999999,,0,1,,,
1.46E-06,1,,0,1,,,
3.53E-05,1,,0,1,,,
6.78E-05,1,,0,1,,,
2.80E-06,1,,0,1,,,
2.74E-07,0.99992955,,0,1,,,
8.93E-05,1,,0,1,,,
0.000327378,1,,0,1,,,
6.10E-06,0.9999933,,0,1,,,
1.62E-06,1,,0,1,,,
0.5014136,1,,1,1,,,
0.000180561,1,,0,1,,,
1.60E-05,1,,0,1,,,
0.00112324,1,,0,1,,,
0.002134525,1,,0,1,,,
0.000124075,1,,0,1,,,
9.27E-05,1,,0,1,,,
0.000727262,1,,0,1,,,
2.49E-05,1,,0,1,,,
0.000149679,1,,0,1,,,
0.000119002,1,,0,1,,,
0.000674422,1,,0,1,,,
0.00072491,0.9999999,,0,1,,,
3.02E-07,1,,0,1,,,
1.05E-06,1,,0,1,,,
2.85E-05,1,,0,1,,,
4.66E-07,0.9999999,,0,1,,,
6.94E-07,1,,0,1,,,
0.23143674,0.99993396,,0,1,,,
0.054762755,1,,0,1,,,
0.000592219,1,,0,1,,,
0.000278185,1,,0,1,,,
0.004626407,1,,0,1,,,
1.27E-08,1,,0,1,,,
6.01E-05,1,,0,1,,,
0.000488137,1,,0,1,,,
0.000219849,1,,0,1,,,
1.14E-06,1,,0,1,,,
1.45E-06,1,,0,1,,,
1.45E-06,1,,0,1,,,
3.96E-05,1,,0,1,,,
1.59E-05,0.9999995,,0,1,,,
3.67E-05,1,,0,1,,,
9.34E-05,1,,0,1,,,
1.17E-05,1,,0,1,,,
0.000214903,0.9999937,,0,1,,,
0.013570924,1,,0,1,,,
5.92E-07,1,,0,1,,,
1.95E-07,0.99975103,,0,1,,,
2.82E-05,1,,0,1,,,
4.51E-05,1,,0,1,,,
2.41E-06,1,,0,1,,,
0.002864631,1,,0,1,,,
0.002253039,1,,0,1,,,
0.000505429,1,,0,1,,,
0.000250263,1,,0,1,,,
4.54E-06,1,,0,1,,,
3.80E-05,1,,0,1,,,
8.39E-05,1,,0,1,,,
6.65E-06,1,,0,1,,,
1.03E-05,1,,0,1,,,
1.13E-06,1,,0,1,,,
3.49E-05,0.9999504,,0,1,,,
0.6707952,1,,1,1,,,
3.21E-06,1,,0,1,,,
4.69E-05,1,,0,1,,,
4.63E-05,1,,0,1,,,
1.43E-05,1,,0,1,,,
9.49E-06,1,,0,1,,,
4.63E-05,0.99999976,,0,1,,,
5.63E-05,1,,0,1,,,
0.046028048,1,,0,1,,,
0.046028048,0.9999999,,0,1,,,
0.000366098,1,,0,1,,,
1.23E-05,1,,0,1,,,
2.92E-06,1,,0,1,,,
4.36E-05,0.99683714,,0,1,,,
0.000755574,0.9999999,,0,1,,,
7.47E-08,1,,0,1,,,
4.62E-07,1,,0,1,,,
0.003928387,0.9999999,,0,1,,,
6.84E-07,0.9992568,,0,1,,,
9.38E-07,1,,0,1,,,
0.000678873,0.9999999,,0,1,,,
1.38E-08,1,,0,1,,,
0.000212785,1,,0,1,,,
0.006312008,1,,0,1,,,
0.000338481,1,,0,1,,,
0.002877278,0.9999994,,0,1,,,
0.003460587,1,,0,1,,,
1.82E-07,0.999969,,0,1,,,
0.000423216,1,,0,1,,,
0.000573926,1,,0,1,,,
0.000159838,1,,0,1,,,
4.85E-05,1,,0,1,,,
8.27E-05,1,,0,1,,,
3.53E-05,1,,0,1,,,
1.45E-05,1,,0,1,,,
0.000561058,1,,0,1,,,
0.000158043,1,,0,1,,,
0.001879195,0.9999856,,0,1,,,
1.18E-06,1,,0,1,,,
0.000145113,1,,0,1,,,
2.83E-08,1,,0,1,,,
2.05E-07,1,,0,1,,,
1.03E-06,1,,0,1,,,
0.000215747,1,,0,1,,,
3.54E-07,1,,0,1,,,
0.00237191,1,,0,1,,,
0.000226838,0.9999994,,0,1,,,
1.94E-06,0.99999917,,0,1,,,
0.000654823,1,,0,1,,,
9.89E-07,1,,0,1,,,
0.001163703,1,,0,1,,,
1.35E-05,1,,0,1,,,
0.002142633,1,,0,1,,,
0.000262871,1,,0,1,,,
2.48E-05,1,,0,1,,,
3.24E-07,1,,0,1,,,
0.012570417,1,,0,1,,,
1.98E-05,1,,0,1,,,
7.73E-07,1,,0,1,,,
3.71E-06,0.99946517,,0,1,,,
0.000301122,1,,0,1,,,
4.57E-05,0.9999945,,0,1,,,
7.27E-07,0.99977607,,0,1,,,
6.79E-06,0.99999976,,0,1,,,
3.49E-06,0.99997866,,0,1,,,
0.000234525,1,,0,1,,,
2.47E-05,0.99999917,,0,1,,,
4.10E-08,1,,0,1,,,
7.73E-05,1,,0,1,,,
0.000151739,1,,0,1,,,
2.21E-06,1,,0,1,,,
4.61E-05,1,,0,1,,,
0.001113188,1,,0,1,,,
0.000256369,0.99999976,,0,1,,,
1.16E-06,0.9999994,,0,1,,,
4.87E-06,1,,0,1,,,
0.000176056,1,,0,1,,,
7.78E-09,1,,0,1,,,
0.00134756,0.9999999,,0,1,,,
1.47E-08,0.9999944,,0,1,,,
1.82E-06,0.9999999,,0,1,,,
6.01E-06,1,,0,1,,,
3.34E-05,1,,0,1,,,
0.001912755,1,,0,1,,,
0.000502667,1,,0,1,,,
0.000369462,1,,0,1,,,
0.030020151,1,,0,1,,,
0.000161095,1,,0,1,,,
3.57E-05,0.9999999,,0,1,,,
8.50E-05,1,,0,1,,,
0.004881295,0.9999994,,0,1,,,
1.16E-05,1,,0,1,,,
0.000110938,0.99999964,,0,1,,,
1.58E-05,1,,0,1,,,
0.005855543,0.9999949,,0,1,,,
0.000255212,1,,0,1,,,
0.000258269,1,,0,1,,,
1.93E-05,1,,0,1,,,
0.001582582,1,,0,1,,,
0.000164003,0.9999969,,0,1,,,
1.23E-06,1,,0,1,,,
3.51E-07,1,,0,1,,,
5.90E-06,1,,0,1,,,
0.002849713,1,,0,1,,,
0.000635777,1,,0,1,,,
0.000546291,1,,0,1,,,
3.38E-05,0.99971706,,0,1,,,
4.89E-07,0.9999968,,0,1,,,
2.35E-05,0.99999964,,0,1,,,
2.24E-05,1,,0,1,,,
0.002147789,0.99822074,,0,1,,,
0.035818074,1,,0,1,,,
0.035818074,1,,0,1,,,
5.84E-08,1,,0,1,,,
0.002898355,0.9991392,,0,1,,,
8.66E-09,1,,0,1,,,
2.16E-05,0.9999988,,0,1,,,
0.004051384,1,,0,1,,,
0.000307993,0.9999994,,0,1,,,
0.001808633,0.999992,,0,1,,,
6.96E-05,1,,0,1,,,
0.002396311,1,,0,1,,,
5.90E-06,1,,0,1,,,
3.79E-05,1,,0,1,,,
0.000115227,0.5414198,,0,1,,,
2.26E-10,1,,0,1,,,
7.80E-05,0.9999938,,0,1,,,
1.19E-06,1,,0,1,,,
4.21E-06,1,,0,1,,,
1.20E-06,1,,0,1,,,
3.43E-05,1,,0,1,,,
6.25E-05,0.99979705,,0,1,,,
0.000312673,1,,0,1,,,
0.000336038,0.9994918,,0,1,,,
2.52E-07,1,,0,1,,,
1.24E-05,0.9996604,,0,1,,,
0.000285324,1,,0,1,,,
0.000384749,1,,0,1,,,
0.0039969,0.99996924,,0,1,,,
0.001190081,1,,0,1,,,
3.85E-07,0.9949339,,0,1,,,
8.12E-05,0.9996977,,0,1,,,
0.000328585,0.99999964,,0,1,,,
0.000328585,0.9997123,,0,1,,,
1.13E-05,0.99999905,,0,1,,,
0.009755142,1,,0,1,,,
0.003131905,1,,0,1,,,
6.05E-06,1,,0,1,,,
6.05E-06,1,,0,1,,,
0.00013679,1,,0,1,,,
1.11E-06,1,,0,1,,,
4.52E-07,0.9999614,,0,1,,,
9.23E-05,0.9999999,,0,1,,,
4.78E-07,1,,0,1,,,
0.013855711,0.9999999,,0,1,,,
3.14E-05,0.99996924,,0,1,,,
2.61E-05,1,,0,1,,,
4.98E-07,1,,0,1,,,
0.000187146,1,,0,1,,,
0.0005167,1,,0,1,,,
1.22E-05,0.9999881,,0,1,,,
1.29E-06,1,,0,1,,,
3.20E-07,0.9999999,,0,1,,,
0.000343813,1,,0,1,,,
0.000271216,1,,0,1,,,
1.70E-05,0.99999964,,0,1,,,
2.01E-05,1,,0,1,,,
2.94E-05,1,,0,1,,,
0.03292186,1,,0,1,,,
1.72E-05,1,,0,1,,,
8.90E-07,1,,0,1,,,
0.000223051,1,,0,1,,,
5.11E-05,1,,0,1,,,
5.97E-05,0.9999976,,0,1,,,
0.000305656,1,,0,1,,,
1.85E-05,1,,0,1,,,
0.00016699,0.999426,,0,1,,,
1.01E-06,1,,0,1,,,
0.00021261,1,,0,1,,,
0.000345193,1,,0,1,,,
5.43E-06,0.99999964,,0,1,,,
2.67E-05,0.9999999,,0,1,,,
1.58E-05,0.9998956,,0,1,,,
1.27E-05,1,,0,1,,,
5.29E-05,1,,0,1,,,
3.45E-07,1,,0,1,,,
7.59E-07,1,,0,1,,,
3.91E-05,1,,0,1,,,
0.000365985,0.9998834,,0,1,,,
8.48E-07,1,,0,1,,,
0.000199687,1,,0,1,,,
2.80E-05,0.999928,,0,1,,,
4.37E-06,0.9999968,,0,1,,,
3.64E-07,1,,0,1,,,
2.44E-06,1,,0,1,,,
6.91E-08,1,,0,1,,,
4.43E-05,1,,0,1,,,
1.56E-10,1,,0,1,,,
0.000182243,0.99995875,,0,1,,,
0.004733591,1,,0,1,,,
2.17E-06,1,,0,1,,,
1.66E-05,1,,0,1,,,
1.48E-06,1,,0,1,,,
1.71E-05,1,,0,1,,,
0.003880576,1,,0,1,,,
1.73E-05,1,,0,1,,,
2.75E-09,1,,0,1,,,
2.70E-07,0.99998856,,0,1,,,
1.55E-11,1,,0,1,,,
4.80E-06,1,,0,1,,,
0.000152225,1,,0,1,,,
0.012301384,1,,0,1,,,
0.019992275,1,,0,1,,,
5.16E-06,1,,0,1,,,
6.76E-05,1,,0,1,,,
3.75E-07,1,,0,1,,,
3.83E-06,1,,0,1,,,
0.03961044,1,,0,1,,,
0.000141585,1,,0,1,,,
2.23E-05,1,,0,1,,,
0.000718361,0.9999852,,0,1,,,
5.48E-05,1,,0,1,,,
3.50E-05,1,,0,1,,,
0.010208491,0.9999995,,0,1,,,
1.64E-05,0.9999999,,0,1,,,
0.00110394,1,,0,1,,,
4.14E-05,1,,0,1,,,
3.84E-05,1,,0,1,,,
0.000624009,1,,0,1,,,
0.001475192,1,,0,1,,,
0.004636416,0.9999993,,0,1,,,
7.35E-06,1,,0,1,,,
0.000159129,0.9999999,,0,1,,,
3.22E-05,1,,0,1,,,
3.98E-08,1,,0,1,,,
1.41E-07,1,,0,1,,,
0.009957221,0.99999607,,0,1,,,
0.003673957,1,,0,1,,,
1.54E-05,1,,0,1,,,
0.001729522,0.9998628,,0,1,,,
4.34E-06,1,,0,1,,,
0.001574567,0.9999658,,0,1,,,
1.12E-06,1,,0,1,,,
5.36E-09,0.999984,,0,1,,,
1.01E-06,0.99999654,,0,1,,,
7.99E-05,0.9994849,,0,1,,,
2.73E-06,1,,0,1,,,
0.000436648,1,,0,1,,,
0.000533943,1,,0,1,,,
1.75E-05,1,,0,1,,,
0.00023629,1,,0,1,,,
6.87E-12,1,,0,1,,,
0.00091703,1,,0,1,,,
0.012408595,1,,0,1,,,
0.000128201,0.97297263,,0,1,,,
0.000149276,1,,0,1,,,
5.29E-07,1,,0,1,,,
3.42E-05,1,,0,1,,,
4.34E-05,1,,0,1,,,
1.40E-05,1,,0,1,,,
1.17E-08,0.999998,,0,1,,,
3.09E-07,0.99999845,,0,1,,,
0.00078516,1,,0,1,,,
0.002434569,1,,0,1,,,
0.013187858,0.99999535,,0,1,,,
3.93E-06,0.9999294,,0,1,,,
2.08E-07,0.9999968,,0,1,,,
1.50E-05,1,,0,1,,,
0.000510469,1,,0,1,,,
0.000128216,1,,0,1,,,
0.00114597,1,,0,1,,,
3.07E-05,1,,0,1,,,
0.002307208,1,,0,1,,,
1.30E-05,1,,0,1,,,
2.88E-05,0.9998387,,0,1,,,
1.63E-10,1,,0,1,,,
4.70E-05,1,,0,1,,,
2.80E-06,1,,0,1,,,
9.92E-07,0.9998907,,0,1,,,
3.31E-06,1,,0,1,,,
6.90E-05,0.9999994,,0,1,,,
3.24E-06,1,,0,1,,,
1.20E-05,1,,0,1,,,
0.002263878,0.9999373,,0,1,,,
8.13E-05,0.9999995,,0,1,,,
0.000131099,0.9999994,,0,1,,,
0.000469659,1,,0,1,,,
1.18E-05,0.99999535,,0,1,,,
0.000793441,1,,0,1,,,
1.59E-05,1,,0,1,,,
0.00022769,1,,0,1,,,
7.57E-06,1,,0,1,,,
0.004933568,0.99999976,,0,1,,,
9.55E-05,1,,0,1,,,
6.26E-05,0.99996006,,0,1,,,
4.63E-06,0.999998,,0,1,,,
1.94E-06,1,,0,1,,,
2.89E-05,1,,0,1,,,
0.000237837,1,,0,1,,,
0.000277409,1,,0,1,,,
2.79E-06,0.9999958,,0,1,,,
1.70E-06,1,,0,1,,,
0.001379116,0.9999994,,0,1,,,
0.000342666,1,,0,1,,,
1.56E-07,1,,0,1,,,
0.000103973,0.99999964,,0,1,,,
3.57E-05,0.9999999,,0,1,,,
3.98E-06,1,,0,1,,,
1.54E-05,1,,0,1,,,
1.59E-07,1,,0,1,,,
3.54E-05,1,,0,1,,,
7.44E-11,1,,0,1,,,
8.48E-06,1,,0,1,,,
7.15E-05,0.99995005,,0,1,,,
0.000320291,1,,0,1,,,
2.60E-06,0.99999595,,0,1,,,
2.41E-13,0.9999534,,0,1,,,
4.31E-06,1,,0,1,,,
0.000117579,0.9999707,,0,1,,,
8.94E-05,1,,0,1,,,
2.70E-06,0.9997918,,0,1,,,
4.11E-05,0.99969256,,0,1,,,
2.94E-07,1,,0,1,,,
2.99E-05,0.9999174,,0,1,,,
1.48E-06,0.99998665,,0,1,,,
5.68E-06,1,,0,1,,,
5.21E-06,0.99998426,,0,1,,,
0.00019441,1,,0,1,,,
0.014567622,1,,0,1,,,
4.46E-07,0.9999999,,0,1,,,
3.25E-05,1,,0,1,,,
2.77E-06,0.9999999,,0,1,,,
0.000164888,1,,0,1,,,
0.00013239,1,,0,1,,,
9.87E-06,1,,0,1,,,
2.74E-06,0.99996436,,0,1,,,
0.000346299,1,,0,1,,,
0.000148219,0.99960166,,0,1,,,
4.65E-05,1,,0,1,,,
0.000440744,1,,0,1,,,
4.29E-07,1,,0,1,,,
0.000174672,1,,0,1,,,
6.02E-08,1,,0,1,,,
1.59E-06,1,,0,1,,,
6.80E-05,1,,0,1,,,
0.17210458,1,,0,1,,,
2.89E-06,1,,0,1,,,
1.51E-07,1,,0,1,,,
2.16E-06,1,,0,1,,,
2.86E-05,1,,0,1,,,
0.001158455,1,,0,1,,,
7.50E-07,1,,0,1,,,
6.36E-09,1,,0,1,,,
0.022652835,1,,0,1,,,
0.008995268,1,,0,1,,,
9.55E-06,1,,0,1,,,
0.000279322,1,,0,1,,,
0.000133176,1,,0,1,,,
2.37E-06,1,,0,1,,,
0.000778367,1,,0,1,,,
4.88E-08,0.99999964,,0,1,,,
3.56E-05,1,,0,1,,,
7.73E-07,1,,0,1,,,
1.86E-06,1,,0,1,,,
0.000456261,1,,0,1,,,
5.47E-05,1,,0,1,,,
1.92E-05,1,,0,1,,,
0.001902075,1,,0,1,,,
0.000479089,1,,0,1,,,
0.000164859,1,,0,1,,,
0.000449689,1,,0,1,,,
0.000166959,1,,0,1,,,
3.43E-06,0.9999974,,0,1,,,
7.69E-05,1,,0,1,,,
0.001779909,1,,0,1,,,
0.015843844,0.99981815,,0,1,,,
6.47E-07,1,,0,1,,,
7.68E-05,1,,0,1,,,
0.16989696,1,,0,1,,,
0.000267025,1,,0,1,,,
3.30E-05,1,,0,1,,,
0.002887815,1,,0,1,,,
3.32E-05,1,,0,1,,,
0.000265409,0.99998844,,0,1,,,
1.68E-06,1,,0,1,,,
0.00020553,1,,0,1,,,
6.88E-05,1,,0,1,,,
7.55E-05,1,,0,1,,,
0.000251573,0.99999595,,0,1,,,
0.002352977,1,,0,1,,,
0.002274113,1,,0,1,,,
0.000198464,0.9999981,,0,1,,,
6.85E-06,1,,0,1,,,
0.000961814,1,,0,1,,,
9.32E-06,1,,0,1,,,
1.37E-05,0.9991721,,0,1,,,
0.009284666,1,,0,1,,,
0.002522986,1,,0,1,,,
2.06E-07,1,,0,1,,,
1.98E-05,1,,0,1,,,
0.001196068,1,,0,1,,,
2.26E-06,1,,0,1,,,
2.73E-06,1,,0,1,,,
1.89E-05,1,,0,1,,,
3.79E-05,1,,0,1,,,
0.000282715,1,,0,1,,,
4.25E-06,1,,0,1,,,
1.53E-08,1,,0,1,,,
1.54E-05,1,,0,1,,,
5.34E-05,1,,0,1,,,
6.03E-06,1,,0,1,,,
0.000192624,0.9999994,,0,1,,,
2.11E-05,1,,0,1,,,
0.000111026,1,,0,1,,,
2.32E-06,0.9999989,,0,1,,,
0.000138995,1,,0,1,,,
0.001025784,1,,0,1,,,
9.71E-06,1,,0,1,,,
0.001184094,1,,0,1,,,
2.22E-06,1,,0,1,,,
0.002375708,1,,0,1,,,
0.001552977,0.99999964,,0,1,,,
3.78E-05,1,,0,1,,,
0.019384937,1,,0,1,,,
0.000185301,1,,0,1,,,
5.02E-06,1,,0,1,,,
0.000812126,1,,0,1,,,
1.48E-05,1,,0,1,,,
3.66E-05,1,,0,1,,,
0.000234366,1,,0,1,,,
1.16E-07,1,,0,1,,,
0.000118111,1,,0,1,,,
6.25E-05,1,,0,1,,,
3.11E-07,0.9999999,,0,1,,,
0.01873898,1,,0,1,,,
1.25E-05,1,,0,1,,,
0.000603353,0.99999976,,0,1,,,
6.98E-06,1,,0,1,,,
5.49E-07,1,,0,1,,,
2.90E-08,1,,0,1,,,
7.87E-07,1,,0,1,,,
0.000130321,0.9999995,,0,1,,,
3.60E-06,0.9999676,,0,1,,,
1.91E-05,0.9999999,,0,1,,,
3.83E-05,1,,0,1,,,
8.16E-05,1,,0,1,,,
0.002234523,1,,0,1,,,
0.000902921,1,,0,1,,,
5.22E-08,1,,0,1,,,
0.000388749,1,,0,1,,,
1.12E-05,0.9999999,,0,1,,,
0.000115955,1,,0,1,,,
1.43E-06,0.9999734,,0,1,,,
4.10E-05,1,,0,1,,,
0.00112004,1,,0,1,,,
2.72E-05,1,,0,1,,,
0.952389,1,,1,1,,,
8.73E-07,1,,0,1,,,
4.20E-09,1,,0,1,,,
0.000177256,0.9999999,,0,1,,,
3.27E-05,0.9999858,,0,1,,,
4.79E-06,1,,0,1,,,
4.69E-05,1,,0,1,,,
2.78E-06,1,,0,1,,,
4.68E-05,1,,0,1,,,
0.000236181,1,,0,1,,,
6.26E-05,1,,0,1,,,
0.24589156,1,,0,1,,,
4.73E-05,1,,0,1,,,
0.000283797,1,,0,1,,,
0.000216531,0.99999976,,0,1,,,
0.001679665,1,,0,1,,,
0.000230005,1,,0,1,,,
0.000595371,0.9999994,,0,1,,,
1.00E-05,1,,0,1,,,
0.002642423,1,,0,1,,,
7.71E-08,1,,0,1,,,
3.08E-06,1,,0,1,,,
4.02E-06,1,,0,1,,,
1.27E-07,1,,0,1,,,
0.00040317,1,,0,1,,,
0.000120151,0.9999826,,0,1,,,
0.002681825,1,,0,1,,,
0.000263967,1,,0,1,,,
0.001594332,0.99999964,,0,1,,,
1.78E-08,1,,0,1,,,
0.001647538,1,,0,1,,,
3.15E-05,0.9999496,,0,1,,,
5.20E-05,1,,0,1,,,
0.9887892,1,,1,1,,,
0.000755005,1,,0,1,,,
1.94E-05,0.99997115,,0,1,,,
4.57E-06,1,,0,1,,,
6.91E-05,1,,0,1,,,
7.61E-10,0.9999999,,0,1,,,
4.81E-06,1,,0,1,,,
4.14E-06,1,,0,1,,,
6.54E-05,1,,0,1,,,
0.000275635,1,,0,1,,,
0.000148586,1,,0,1,,,
2.34E-05,1,,0,1,,,
0.00310833,1,,0,1,,,
0.001402411,1,,0,1,,,
5.95E-05,1,,0,1,,,
4.15E-07,1,,0,1,,,
7.22E-05,1,,0,1,,,
0.000619569,1,,0,1,,,
3.59E-05,1,,0,1,,,
1.20E-06,1,,0,1,,,
0.024053302,1,,0,1,,,
1.63E-09,1,,0,1,,,
4.89E-07,1,,0,1,,,
9.29E-08,1,,0,1,,,
1.29E-05,1,,0,1,,,
5.74E-06,1,,0,1,,,
0.000651232,1,,0,1,,,
7.43E-06,0.99995804,,0,1,,,
8.12E-06,1,,0,1,,,
6.82E-08,1,,0,1,,,
0.000560791,1,,0,1,,,
1.74E-07,1,,0,1,,,
0.000291299,1,,0,1,,,
0.000114674,1,,0,1,,,
2.31E-05,1,,0,1,,,
1.21E-06,1,,0,1,,,
0.01764286,1,,0,1,,,
6.70E-05,0.99937916,,0,1,,,
5.45E-05,1,,0,1,,,
2.44E-07,0.9999949,,0,1,,,
2.62E-06,1,,0,1,,,
6.18E-07,1,,0,1,,,
2.77E-05,1,,0,1,,,
1.43E-06,0.9999999,,0,1,,,
1.44E-07,1,,0,1,,,
0.000129885,1,,0,1,,,
0.00181508,0.9999505,,0,1,,,
0.002389627,0.99999964,,0,1,,,
0.02131978,0.9999963,,0,1,,,
2.27E-05,1,,0,1,,,
0.000157332,0.9985862,,0,1,,,
0.000135587,1,,0,1,,,
6.21E-05,1,,0,1,,,
0.055770144,1,,0,1,,,
6.70E-06,1,,0,1,,,
0.011981232,1,,0,1,,,
0.003785501,1,,0,1,,,
9.95E-08,1,,0,1,,,
0.002637536,0.9999994,,0,1,,,
1.54E-06,1,,0,1,,,
0.02452079,0.99999976,,0,1,,,
3.08E-07,1,,0,1,,,
1.20E-07,1,,0,1,,,
0.000176786,1,,0,1,,,
1.19E-06,1,,0,1,,,
0.000338935,1,,0,1,,,
4.45E-06,1,,0,1,,,
5.07E-06,1,,0,1,,,
0.000564394,1,,0,1,,,
0.000441557,1,,0,1,,,
8.05E-08,1,,0,1,,,
2.68E-07,1,,0,1,,,
3.69E-06,1,,0,1,,,
6.68E-06,1,,0,1,,,
4.04E-09,0.9998981,,0,1,,,
1.34E-05,1,,0,1,,,
0.000134324,1,,0,1,,,
0.00017692,1,,0,1,,,
4.45E-06,1,,0,1,,,
9.51E-09,0.9999912,,0,1,,,
0.002896627,1,,0,1,,,
0.001633311,0.99999964,,0,1,,,
1.22E-05,1,,0,1,,,
1.09E-05,1,,0,1,,,
2.07E-05,1,,0,1,,,
8.42E-06,1,,0,1,,,
1.28E-05,1,,0,1,,,
8.71E-07,1,,0,1,,,
0.00015073,0.99999905,,0,1,,,
0.00051951,1,,0,1,,,
0.005068635,1,,0,1,,,
0.000365562,1,,0,1,,,
0.001857461,1,,0,1,,,
4.44E-07,1,,0,1,,,
1.20E-05,0.9999814,,0,1,,,
5.13E-05,1,,0,1,,,
0.000570782,1,,0,1,,,
8.63E-05,1,,0,1,,,
0.010313195,1,,0,1,,,
6.53E-07,1,,0,1,,,
0.05411396,1,,0,1,,,
8.45E-05,1,,0,1,,,
0.001308669,1,,0,1,,,
9.58E-05,1,,0,1,,,
7.77E-05,1,,0,1,,,
0.007159303,1,,0,1,,,
4.69E-06,1,,0,1,,,
5.76E-09,0.99999964,,0,1,,,
0.066015705,0.9998217,,0,1,,,
0.004947718,1,,0,1,,,
0.000195915,0.99989843,,0,1,,,
3.04E-05,1,,0,1,,,
0.00050241,1,,0,1,,,
1.43E-08,1,,0,1,,,
7.20E-07,1,,0,1,,,
1.74E-06,1,,0,1,,,
1.77E-05,1,,0,1,,,
7.49E-06,1,,0,1,,,
8.34E-05,1,,0,1,,,
6.02E-05,1,,0,1,,,
2.74E-06,1,,0,1,,,
1.32E-06,1,,0,1,,,
5.09E-07,1,,0,1,,,
0.045604628,1,,0,1,,,
0.000335995,1,,0,1,,,
0.010416701,1,,0,1,,,
3.94E-07,0.9999999,,0,1,,,
1.59E-06,0.9999893,,0,1,,,
0.000489765,1,,0,1,,,
0.04449175,1,,0,1,,,
1.58E-07,1,,0,1,,,
0.002088139,1,,0,1,,,
9.19E-06,1,,0,1,,,
2.25E-06,1,,0,1,,,
2.49E-06,1,,0,1,,,
3.54E-05,1,,0,1,,,
0.000409599,0.99999785,,0,1,,,
2.70E-05,1,,0,1,,,
1.59E-06,1,,0,1,,,
7.01E-07,1,,0,1,,,
5.05E-07,0.9999838,,0,1,,,
1.40E-05,1,,0,1,,,
0.024996119,1,,0,1,,,
1.27E-06,0.999982,,0,1,,,
3.60E-06,1,,0,1,,,
0.000264503,1,,0,1,,,
0.005187739,1,,0,1,,,
0.15785591,1,,0,1,,,
0.005431367,0.9999963,,0,1,,,
0.00537025,1,,0,1,,,
0.001818803,1,,0,1,,,
4.50E-06,1,,0,1,,,
3.81E-07,1,,0,1,,,
0.000115922,1,,0,1,,,
0.001818856,0.99999845,,0,1,,,
1.98E-05,0.9999987,,0,1,,,
7.30E-08,1,,0,1,,,
0.000254829,1,,0,1,,,
6.85E-06,0.998741,,0,1,,,
0.22543661,1,,0,1,,,
0.00058377,1,,0,1,,,
0.009120038,0.99987483,,0,1,,,
0.000455029,1,,0,1,,,
0.000229345,1,,0,1,,,
0.000104228,1,,0,1,,,
8.04E-07,0.9999999,,0,1,,,
2.81E-06,1,,0,1,,,
0.002286344,1,,0,1,,,
1.79E-07,1,,0,1,,,
0.004811333,0.99999785,,0,1,,,
6.58E-06,1,,0,1,,,
0.020156344,1,,0,1,,,
0.001183679,1,,0,1,,,
0.000126542,1,,0,1,,,
0.006881968,1,,0,1,,,
0.000178683,1,,0,1,,,
6.37E-05,1,,0,1,,,
0.000646337,1,,0,1,,,
0.000215449,1,,0,1,,,
0.001366244,1,,0,1,,,
0.004115075,1,,0,1,,,
8.76E-06,1,,0,1,,,
9.71E-08,1,,0,1,,,
6.76E-05,1,,0,1,,,
1.03E-05,1,,0,1,,,
0.00157026,1,,0,1,,,
1.21E-05,1,,0,1,,,
1.06E-06,1,,0,1,,,
1.90E-06,1,,0,1,,,
0.001279941,0.9999949,,0,1,,,
1.99E-06,1,,0,1,,,
0.004239549,1,,0,1,,,
7.76E-06,0.87811345,,0,1,,,
0.014994614,1,,0,1,,,
3.18E-08,1,,0,1,,,
0.00015803,1,,0,1,,,
0.000121272,1,,0,1,,,
0.00899064,1,,0,1,,,
2.87E-08,1,,0,1,,,
2.87E-08,1,,0,1,,,
3.23E-07,1,,0,1,,,
0.000895345,1,,0,1,,,
0.000373577,0.99995077,,0,1,,,
0.000248556,1,,0,1,,,
